region,area,sector,subsector,recorder,date,description,vegetation,,visibility,artifacts,?,?,?,structures,notes
Alcalˆ,1,14,1,AD,12/10/93,Terraza erosionada con suelo gris claro y grava fina subangular.Algunos silex naturales,frutales,,excelente 40%,no,no,no,no,no,
Alcalˆ,1,14,2,CMB,12/10/93,Terraza marr—n claro. Erosionada. Silex natural,frutales,,excelente 30%,si,si,no,no,no,
Alcalˆ,1,14,3,CMB,12/10/93,Terraza marr—n claro. Erosionada. Silex natural. 1/3 al Oeste est‡ menos erosionada,frutales,,excelente 100%,si,no,no,no,no,
Alcalˆ,1,14,4,,12/10/93,,,,,si,no,no,,,
Alcalˆ,1,14,5,AD,12/10/93,"Terraza parcialmente erosionada, con suelo gris claro en la mitad superor y suelo marr—n oscuro en la mtad inferior",frutales,,excelente 40%,si,no,no,no,no,
Alcalˆ,1,14,6,LSD,12/10/93,"Terraza con suelos marrones (de claro a medio), y gravas subangulares. Erosionada hasta las margas en la esquina NE.",frutales,,excelente 80%,si,no,no,no,no,
Alcalˆ,1,14,7,CMB,12/10/93,Terraza con suelos marrones ligeros y gravas,frutales,,excelente 67%,si,no,no,no,no,cantera de silex
Alcalˆ,1,14,8,AD,12/10/93,Terraza con suelo gris claro-marr—n y grava subangular fina. Afloramiento de silex en calizas fosil’feras,labrado. frutales,,excelente 40%,si,no,no,no,no,cantera de silex
Alcalˆ,1,14,9,CMB,12/10/93,Terraza con suelo maron claro y gravas. Muy rebajado en el bancal superior (hasta las margas en el extremo este).,barbecho. frutales,,excelente. 75%,si,si,si,no,no,cantera de silex
Alcalˆ,1,14,10,CMB,12/10/93,"Terraza con suelo marr—n claro. Erosi—n moderada, no hasta las margas.",frutales,,excelente. 100%,si,no,si,no,no,
Alcalˆ,1,17,1,CMB,,Terraza con suelo marr—n de claro a medio. Manchas oscuras de aprox.5 m diam. y 25 cm profundidad.,cultivo de legumbres,,excelente,si,si,si,no,5 posibles casas neoliticas,
Alcalˆ,1,17,2,CMB,,Terraza. Sedimento fino con suelo marr—n claro. Algo de erosi—n en el extremo oeste. Subdividido por bancales,frutales,,excelente 50%,si,si,si,no,posible casa neolitica,
Alcalˆ,1,17,3,CMB,,"Terraza. Sedimento fino, con suelo marr—n claro",frutales,,excelente 50%,no,no,no,no,no,
Alcalˆ,1,18,1,CMB,,"Terraza con sedimento fino y suelo marr—n, de claro a medio",cultivo de legumbres,,excelente 30%,si,si,no,no,posible casa neolitica,
Alcalˆ,1,18,2,CMB,,"principalmente terraza con sedimento fino y suelo marr—n, de claro a medio. Algo coluvial en la parte superior",labrado,,excelente 30%,si,si,si,no,1 o 2 posibles casas neoliticas,
Alcalˆ,1,20,1,AD,,"Terraza con suelo blanco y fracci—n angulosa,que pasa a suelo marr—n - gris con menor densidad de fracci—n",frutales,,buena 50%,si,si,si,no,no,
Alcalˆ,1,20,2,CMB,,"Terraza con suelo marron, de claro a medio, y fracci—n ocasional. Razonablemente intacta",uso mixto,,excelente 50%,si,si,si,no,no,
Alcalˆ,1,21,1,CMB,,"Terraza con sedimento fino, bien clasificado.Suelo marr—n de claro a medio, y muy baja densidad de fracci—n",frutales. labrado,,excelente 75%,si,si,si,no,no,
Alcalˆ,1,21,2,CMB,,"Terraza con sedimento fino, suelo marr—n claroy baja densidad de gravas redondeadas, de tama–o medio. Erosi—n moderada",frutales,,Excelente 20%,si,no,no,no,no,
Alcalˆ,1,21,3,CMB,,"Terraza con sedimento fino, suelo marr—n claroy baja densidad de gravas redondeadas, de tama–o medio en la parte baja",frutales. erosionado,,excelente 100%,no,no,no,no,no,
Alcalˆ,1,23,1,AD,,Terraza con suelo gris y baja densidad de fracci—n,frutales,,excelente 67%,si,si,no,no,no,
Alcalˆ,1,23,2,CMB,,Terraza con suelo marr—n claro y fracci—n de redondeada a angular,frutales,,excelente 67%,si,no,no,no,no,
Alcalˆ,1,23,3,AD,,"Terraza con suelo gris a gris-marronoso, con baja densidad de fracci—n fina",frutales,,buena 67%,si,si,no,no,no,
Alcalˆ,1,23,4,CMB,,Terraza con suelo marron claro y fracci—n de redondeada a angular,hierba baja y frutales,,la justa 100%,si,si,si,si?,si?,
Alcalˆ,1,23,5,CMB,,Terraza erosionada con suelo marron - gris claro,frutales,,excelente 75%,si,no,no,no,no,
Alcalˆ,1,26,1,CMB,,"Terraza intacta con erosi—n en algunos lugares. Suelos marrones, de claro a medio, y fracci—n media (caliza)",frutales,,excelente 100%,si,si,si,no,no,
Alcalˆ,1,26,2,CMB,13/10/93,"Terraza muy intacta con baja densidad de fracci—n media. Zanja, acequia  o foso a lo largo del margen superior",frutales,,excelente 100%,si,no,si,no,no,
Alcalˆ,1,26,3,CMB,,Terraza. Erosionada hasta las margas en la parte superior oeste, transici—n hacia suelos marrones de medio a oscuro en el resto,labrado,,buena 50%,si,si,si,no,no
Alcalˆ,1,26,4,AD,,"Terraza semi-erosionada. Los suelos var’an de gris a marr—n-rojizo, con fracci—n de angular a subangular",frutales,,Buena 30%,si,no,no,no,no,
Alcalˆ,1,26,5,AD,,Terraza erosionada con suelo mar—n - gris y fracci—n,frutales,,excelente 60%,si,no,no,no,no,
Alcalˆ,2,10,1,CMB,12/10/93,Terraza con suelo marr—n claro y fracci—n fina. Probablemente la misma que el sector 1 (Pleistoceno Superior/Holoceno),frutales,,excelente 100%,si,no,no,no,no,
Alcalˆ,2,10,2,LSD,12/10/93,Terraza parcialmente erosionada.Sedimento blanco margoso en el N (2/3). Transici—n a marr—n claro en el S (1/3).,frutales,,excelente 50%,si,si,no,no,no,
Alcalˆ,2,10,3,CMB,12/10/93,Terraza con suelo de marron claro a gris. Erosionada,frutales,,excelente 67%,si,no,no,no,no,
Alcalˆ,2,10,4,LSD,12/10/93,Terraza con suelo marr—n claro y moderada densidad de fracci—n subangular,frutales,,excelente 67%,si,no,no,no,no,
Alcalˆ,2,10,5,LSD,12/10/93,Terraza con suelo marr—n de claro a medio y baja densidad de fracci—n,frutales,,excelente 100%,si,no,no,no,no,
Alcalˆ,2,10,6,CMB,12/10/93,Terraza con suelo de marr—n claro a gris y fracci—n caliza. Erosionada,frutales,,excelente 75%,si,si,no,no,no,
Alcalˆ,2,11,1,AD,,"Terraza erosionada con suelo de gris claro a blanco. Baja densidad de fracci—n, excepto en el bancal inferior",frutales,,buena 50%,si,no,no,no,no,
Alcalˆ,2,11,2,AD,,Terraza erosionada con suelos de gris a blanco y presencia densa de fracci—n angulosa,frutales,,excelente 100%,si,no,no,no,no,
Alcalˆ,2,11,3,CMB,12/10/93,"Terraza con suelo de marr—n claro a gris, y fracci—n caliza. Erosionada",frutales,,excelente 70%,si,no,no,no,no,
Alcalˆ,2,11,5,AD,,Terraza erosionada. Suelo gris con fracci—n caliza. Completamente erosionada hasta las margas en un 20%,frutales,,excelente 60%,si,si,no,no,no,
Alcalˆ,2,13,3,,16/10/93,Terraza/abanico erosionado con suelo marr—n claro y densidad moderada de fracci—n de angular a subangular,frutales y cultivo de secano,,la justa 100%,si,no,no,no,no,
Alcalˆ,2,13,4,,16/10/93,"Terraza con suelo mar—n de claro a medio, y densidad moderada de fracci—n de angular a subangular",labrado,,excelente 100%,si,no,no,no,no,
Alcalˆ,2,13,5,AD,,Terraza/abanico? con suelo marron/amarillo y fracci—n caliza de angular a redondeada poco seleccionada,cultivo de secano y frutales,,mala 50%,no,no,no,no,no,
Alcalˆ,2,13,6,AD,,Terraza/abanico? con suelo marron/amarillo y fracci—n caliza angular fina (incluye algœn silex natural),frutales,,excelente 50%,si,no,no,no,no,
Alcalˆ,2,13,7,AD,,Terraza/abanico? con suelo de marron a blanco y fracci—n poco clasificada redondeada y angular (incluye silex natural),almendros y??,,buena 75%,si,no,no,no,no,
Alcalˆ,2,13,8,AD,,Terraza/abanico? con suelo de marr—n a blanco y fracci—n poco clasificada redondeada y angular (incluye silex natural),cultivo de secano,,la justa 100%,si,no,no,no,no,
Alcalˆ,2,13,10,AD,,"Terraza/abanico ? erosionado con suelo marr—n claro y densidad moderada de fracci—n, de angular a subangular","frutales, hierba",,la justa 50%,no,no,no,no,no,
Alcalˆ,2,4,1,CMB,,Terraza con suelo de marr—n claro a gris. Erosionada en algunos sitios,frutales,,excelente 60%,si,si,no,no,no,
Alcalˆ,2,4,2,CMB,,"Terraza con suelo de marr—n claro a gris. Muy erosionada en el borde oeste, menos hacia el ste","olivos, frutales",,excelente 67%,si,si,no,no,no,
Alcalˆ,2,4,3,CMB,,Terraza/deposito aluvial (Abanico?) con suelo marr—n claro. Erosionado en el borde superior (norte).,frutales,,excelente 100%,si,si,no,no,no,neol.final/Bronce??
Alcalˆ,2,4,4,CMB,,"Terraza con suelo marr—n de claro a medio, muy ligero?. Erosion moderada",frutales,,excelente 90%,si,no,si,no,no,
Alcalˆ,2,4,5,CMB,,"Terraza con suelo marr—n de claro a medio, muy ligero?. Erosion moderada",frutales,,excelente 50%,si,no,si,no,no,
Alcalˆ,2,4,6,CMB,,"Terraza con suelo marr—n de claro a medio, muy ligero?. Erosion moderada","frutales, labrado",,excelente 70%,si,no,no,no,no,
Alcalˆ,2,8,1,CMB,,"Terraza con sedimento fino, suelo marr—n tono medio, y densidad moderada de fracci—n caliza",frutales,,excelente 100%,si,no,no,no,no,
Alcalˆ,2,8,2,CMB,,"Terraza con sedimento fino, suelo marr—n tono medio, y densidad moderada de fracci—n caliza",frutales,,excelente 100%,si,no,no,no,no,
Alcalˆ,2,8,3,CMB,,"Terraza con suelo marr—n, de claro a medio, y densidad moderada de fracci—n caliza",frutales,,excelente 40%,si,no,si,no,no,
Alcalˆ,2,8,4,CMB,,"Terraza con suelo marr—n, de claro a medio, y densidad moderada de fracci—n caliza",frutales,,excelente 100%,si,no,si,no,no,
Alcalˆ,2,8,5,CMB,,"Terraza con suelo marr—n, de claro a medio, y densidad moderada de fracci—n caliza",frutales,,excelente 100%,si,no,si,no,no,
Alcalˆ,2,8,6,CMB,,"Terraza con suelo marr—n, de claro a medio, y densidad moderada de fracci—n caliza",frutales,,excelente 100%,si,no,si,no,no,
Alcalˆ,2,8,7,,16/10/93,"Terraza con suelo marr—n claro, y ligero, con densidad moderada de fracci—n caliza fina subangular",frutales y cultivo de secano,,la justa 100%,si,no,no,no,no,
Alcalˆ,2,8,8-a,AD,,"Terraza con suelo marr—n claro fino, y fracci—n  caliza angulosa",frutales ?? (era secano),,excelente 80%,si,no,si,no,no,
Alcalˆ,2,8,8-b,AD,,"Terraza con suelo de marr—n claro a marr—n-amarillento, y fracci—n  caliza subangulosa",frutales,,excelente 55%,si,si,si,"si, concha",no,neolitico??
Alcalˆ,2,8,9,AD,,Terraza con suelo marr—n claro y fracci—n  caliza de subangulosa a angulosa,frutales,,la justa 75%,si,no,si,no,no,
Alcalˆ,2,8,10,AD,,Terraza con suelo marr—n fino y fracci—n caliza,frutales,,buena 100%,si,no,no,no,no,
Alcalˆ,2,8,11,AD,,Terraza con suelo marr—n claro (o ligero?),olivos,,excelente 100%,no,no,no,no,no,
Alcalˆ,2,8,12,AD,,Terraza con suelo de marr—n claro a medioy fracci—n caliza subangular. Mucho mas erosionada,olivos,,excelente 100%,si,no,no,no,no,
Alcalˆ,2,8,13-a,AD,,"Terraza con suelo mar—n oscuro y baja densidad de fracci—n. Una peque–a cantidad es m‡s claro,ligero, fino??y m‡s erosionado",frutales,,excelente 90%,si,no,si,"si, frag.brazalete piedra caliza",no,
Alcalˆ,2,8,13-b,AD,,la mitad es terraza erosionada con sedimento de gris a blanco margoso y fracci—n caliza de angular a subangular,frutales,,buena 50%,si,no,no,no,no,
Alcalˆ,2,8,13-c,AD,,Margas erosionadas con fracci—n caliza angulosa,yermo,,buena 100%,no,no,no,no,no,
Alcalˆ,3,2,1,LSD,,Terraza erosionada con suelo blanco margoso y densidad media de fracci—n angulosa,"olivos, cultivo de secano",,excelente 67%,no,no,no,no,no,
Alcalˆ,3,2,2,CMB,,Alta erosi—n.Nivel rebajado en las margas. No quedan suelos pleistocenos ni holocenos,frutales??,,buena 67%,si,no,no,no,no,
Gallinera,1,3,1,,10/10/93,"Terraza con suelo marr—n de tono medio, y densidad moderada de fracci—n caliza redondeada","frutales, labrado",,excelente 50%,si,no,no,no,no,
Gallinera,1,3,2,,10/10/93,"Terraza erosionada. Plataforma con sedimento margoso gris y ligero?, y moderada fracci—n caliza",frutales,,buena 40%,si,no,no,no,no,
Gallinera,1,4,1,,18/10/93,"Terraza con suelo marr—n de tono medio, y alta densidad de fracci—n redondeada de tama–o medio","frutales, labrado",,excelente 20%,si,no,no,no,no,
Gallinera,1,6,1,,17/10/93,"Abanico/Terraza con suelo de rojo a marr—n-rojizo, y densa fracci—n, de tama–o medio, de subangular a redondeada. Parece terraza",frutales,,excelente 100%,si,no,no,no,no,
Gallinera,1,6,2,,17/10/93,"Abanico/Terraza con suelo de rojo a marr—n-rojizo, y densa fracci—n, de tama–o medio, de subangular a redondeada. Parece terraza",labrado,,excelente 100%,si,no,no,vidrio??,no,
Gallinera,1,6,3,,17/10/93,Terraza con la mayor parte de suelo marr—n-rojizo medio?y densidad moderada de fracci—n de subangular a redondeada,"frutales, cultivo de secano",,buena 50%,si,no,no,no,no,
Gallinera,1,6,4,,17/10/93,terraza con suelo de marron-medio a marr—n-rojizo y densidad moderada de fracci—n redondeada de tama–o medio. Lentejones oscuros ?,"frutales, labrado",,excelente 100%,si,no,no,GS-QU??,Buried DK LE,
Gallinera,1,6,5,,17/10/93,Plataforma erosionada/ Terraza/ Abanico con sedimento marr—n lleno de grava/suelo donde el sedimento est‡ presente,"frutales, yermo",,la justa 20%,si,no,si,no,no,
Gallinera,1,8,1,,18/10/93,"Terraza erosionada con suelo gris en lo alto, cambiando a marr—n claro en la base. Alta densidad de calizas redondeadas",frutales,,buena 25%,si,no,no,no,no,
Gallinera,1,8,2,,18/10/93,"Terraza erosionada con suelo de gris a marr—n claro y baja densidad de fracci—n caliza redondeada, de tama–o medio",barbecho,,mala 10%,no,no,no,no,no,
Gallinera,1,8,3,,18/10/93,"Terraza erosionada con suelo de gris a marr—n claro  y baja densidad de fracci—n caliza redondeada, de tama–o medio",frutales,,buena 50%,si,no,no,no,no,
Gallinera,2,1,1,,10/10/93,Plataforma erosionada con sedimento margoso gris,frutales,,excelente en un 10%,si,no,no,no,no,
Gallinera,2,2,1,,10/10/93,Plataforma erosionada con sedimento margoso gris y densidad de baja a moderada de fracci—n caliza,frutales,,excelente 100%,si,no,no,no,no,
Gallinera,2,1,2,,10/10/93,Plataforma erosionada con sedimento gris margoso y algo de fracci—n,"frutales, cultivo de secano",,excelente 80%,no,no,no,no,no,
Gallinera,2,2,2,,10/10/93,Plataforma erosionada con sedimento gris margoso y densidad moderada de fracci—n caliza,frutales,,excelente 100%,no,no,no,no,no,
Serpis,XLIII,1,A,,9/10/93,Terraza 1.Terraza fina con suelo marr—n bien dsarrollado,olivos y frutales,,excelente 60%,si,no,no,no,no,
Serpis,XLIII,1,B,,9/10/93,"Terraza 1. Terraza fina, con suelo marr—n bien desarrollado",cultivado,,excelente 20%,si,no,si,no,no,
Serpis,XLIII,1,C,,9/10/93,"Terraza 1. Terraza fina, con suelo marr—n bien desarrollado",frutales,,excelente 100%,si,no,si,?,no,
Serpis,XLIII,1,D,,9/10/93,"Terraza 1. Terraza fina, con suelo marr—n bien desarrollado",yermo,,mala,si,no,no,no,no,
Serpis,XLIII,1,E,,9/10/93,"Terraza 1. Terraza fina, con suelo marr—n bien desarrollado","frutales, vi–a",,buena 100%,si,no,no,no,no,
Serpis,XLIII,2,A,,9/10/93,Terraza 2?.Terraza fina con suelo marr—n bien desarrollado. Parece mucho m‡s que T1 (Holoceno/Pleistoceno Superior),olivos,,buena 100%,si,no,no,no,no,
Serpis,XLIII,2,B,,9/10/93,Terraza 2?.Terraza fina con suelo marr—n bien desarrollado.Algo rebajado. Parece mucho m‡s que T1 (Holoceno/Pleistoceno Superior),yermo,,buena 40%,si,no,no,no,no,
Serpis,XLIII,2,C,,9/10/93,Terraza 2?.Terraza fina con suelo marr—n bien desarrollado.Algo rebajado. Parece mucho m‡s que T1 (Holoceno/Pleistoceno Superior),"frutales, olivos",,buena 100%,si,no,no,no,no,
Serpis,XLIII,2,D,,9/10/93,Terraza 2?.Terraza fina con suelo marr—n bien desarrollado.Algo rebajado en algunas zonas. Parece mucho m‡s que T1 ,frutales,,buena 40%,si,no,no,no,no,
Serpis,XLIV,1,A,,10/10/93,Terraza con suelo rojo bien desarrollado.Pleistoceno M?,yermo,,la justa 100%,si,no,no,no,no,
Serpis,XLIV,1,B,,10/10/93,Terraza con suelo rojo bien desarrollado.Pleistoceno M?Alta densidad de fracci—n en zonas.,vi–a,,buena 30%,si,no,no,no,no,
Serpis,XLIV,2,A,LSD,11/10/93,Terraza con densa fracci—n subangular y suelo rojo,"olivos, frutales",,excelente 100%,si,no,no,no,no,
Serpis,XLIV,2,B,LSD,11/10/93,Terraza con densa fracci—n subangular y suelo rojo,frutales,,excelente 50%,si,no,no,no,no,
Serpis,XLIV,2,C,LSD,11/10/93,Terraza con freccion subangular densa y suelo rojo,yermo,,la justa 50%,no,no,no,no,no,
Serpis,XLIV,2,D,LSD,11/10/93,Terraza con densa fracci—n subangular y suelo rojoMarr—n mas claro al extremo NE del subsector,frutales,,excelente 100%,si,no,no,no,no,
Serpis,XLIV,2,E,LSD,11/10/93,Terraza con densa fracci—n subangular y suelo rojo,yermo,,nula 100%,no,no,no,no,no,
Serpis,XLIV,2,F,LSD,11/10/93,Terraza con densa fracci—n subangular y suelo rojo,"frutales, olivos",,excelente 100%,si,no,no,no,no,
Serpis,XLIV,2,G,LSD,11/10/93,Terraza con densa fracci—n subangular y suelo rojo,olivos,,excelente 100%,si,no,no,no,no,
Serpis,XLIV,2,H,LSD,11/10/93,Terraza con densa fracci—n subangular y suelo rojo,"frutales, vi–a",,excelente 100%,si,no,no,no,no,
Serpis,XLIV,2,I,LSD,11/10/93,Terraza con baja densidad de fracci—n y suelo rojo,frutales,,excelente 100%,si,no,no,no,no,
Serpis,XLIV,2,J,LSD,11/10/93,Terraza con baja densidad de fracci—n y suelo rojo,cultivo de secano,,buena 100%,no,no,no,no,no,
Serpis,XLIV,3,A,LSD,11/10/93,Terraza con fracci—n y suelo rojo,frutales,,excelente 60%,si,no,no,no,no,
Serpis,XLIV,3,B,LSD,11/10/93,Terraza con fracci—n y suelo rojo,cultivo de secano,,excelente 33%,no,no,no,no,no,
Serpis,XLIV,3,C,LSD,11/10/93,no prospectado,,,nula 100%,no,no,no,no,no,
Serpis,XLIV,3,D,LSD,11/10/93,Terraza con aabundante fracci—n subangular y suelo rojo,frutales,,excelente 100%,no,no,no,no,no,
Serpis,XLIV,3,E,LSD,11/10/93,Terraza con aabundante fracci—n subangular y suelo rojo.Superficie rebajada,yermo,,nula 100%,no,no,no,no,no,
Serpis,XLIV,3,F,LSD,11/10/93,Terraza con abundante fracci—n subangular y suelo rojo,"frutales, olivos",,excelente 100%,no,no,no,no,no,
Serpis,XLIV,3,G,LSD,11/10/93,Terraza con abundante fracci—n subangular y suelo rojo. <10% suelo gris erosionado,frutales,,buena 50%,no,no,no,no,no,
Serpis,XLIV,3,H,LSD,11/10/93,Terraza con abundante fracci—n subangular y suelo rojo,olivos,,excelente 100%,no,no,no,no,no,
Serpis,XLIV,3,I,LSD,11/10/93,Terraza con abundante fracci—n subangular y suelo rojo.+/- 25% suelo gris eosionado,"frutales, olivos",,excelente 100%,no,no,no,no,no,
Serpis,XLIV,3,J,LSD,11/10/93,Terraza con abundante fracci—n subangular y suelo rojo.una peque–a cantidad de suelo gris erosionado en el extremo upslope??,olivos,,excelente 100%,no,no,no,no,no,
BP,11,8,,,21/11/93,"margas y tierra parduzca anteriormente, subdividido en 4 bancales (8-1,8-2,8-3 y 8-4)",almendros. algunos frutales,,regular,si (any 90),si (any 90),si (any 90),no,no,AC-87
BP,11,9,,,21/11/93,"Suelos pardos, claros, margosos. Sin fracci—n. Cer‡mica a torno, moderna ",almendros,,buena,si ,si ,si,no,no,AC-87
BP,9,1,,,31/10/90,margas,almendros y melocotoneros,,regular-bien,si,si,no,no,no,AC-39
BP,9,2,,,31/10/90,margas,almendros y melocotoneros,,regular-bien,si,no,si,no,no,AC-39
BP,9,3,,,31/10/90,margas,almendros y melocotoneros,,regular-bien,si,no,si,no,no,AC-39
BP,9,4,,,31/10/90,margas,almendros y melocotoneros,,regular-bien,si,no,si,no,no,AC-39
BP,9,5,,,31/10/90,margas,almendros y melocotoneros,,regular-bien,si,no,si,no,no,AC-39
BP,9,6,,,31/10/90,margas,almendros y melocotoneros,,regular-bien,no,no,si,no,no,AC-39
BP,9,7,,,31/10/90,margas,almendros y melocotoneros,,regular-bien,no,no,si,no,no,AC-39
BP,9,8,,,31/10/90,margas,almendros y melocotoneros,,regular,no,no,no,no,no,AC-39
BP,11,1,,,3/11/90,suelos pardos,olivos y almendros,,buena,si,no,no,no,no,AC-42
BP,11,7,,,3/11/90,suelos pardos,olivos y almendros,,buena,si,no,si,no,no,AC-42
BP,12,1,,,4/11/90,suelos pardos. tierra marr—n,olivos,,excelente,si,no,si,no,no,AC-91
BP,12,2,,,4/11/90,suelos pardos,almendros,,,si,no,si,no,no,AC-91
BP,12,3,,,4/11/90,suelos pardos,olivos y almendros,,de buena a regular,no,no,no,no,no,AC-91
BP,12,4,,,4/11/90,suelos pardos,olivos y almendros,,hierba baja. de regular a mala,no,no,no,no,no,AC-91
BP,12,5,,,4/11/90,suelos pardos,vi–as y frutales,,regular,si,no,si,no,no,AC-91
BP,12,6,,,4/11/90,suelos pardos,frutales,,de regular a buena,no,no,no,no,no,AC-91
BP,12,7,,,4/11/90,suelos pardos,"almendros y olivos, pero yermo",,mala,no,no,si,no,no,AC-91
BP,12,8,,,4/11/90,suelos pardos. tierra marr—n,almendros y olivos,,buena,no,no,no,no,no,AC-91
BP,12,9,,,4/11/90,suelos pardos,almendros y olivos,,no prospectado,no,no,no,no,no,AC-91
BP,12,10,,,4/11/90,suelos pardos,almendros y olivos,,buena,no,no,no,no,no,AC-91
BP,12,11,,,4/11/90,suelos pardos,almendros y olivos,,buena,no,no,si,no,no,AC-91
BP,12,12,,,4/11/90,suelos pardos,almendros y olivos,,buena,no,no,no,no,no,AC-91
BP,12,13,,,4/11/90,suelos pardos,olivos,,regular,no,no,no,no,no,AC-91
BP,12,14,,,4/11/90,suelos pardos,olivos,,regular,no,no,si,no,no,AC-91
BP,3,41,,,3/11/90,suelos pardos claros,antiguos olivos. yermo,,no prospectado,no,no,no,no,no,AC-90
BP,3,40,,,3/11/90,suelos pardos claros,vi–as abandonadas,,no prospectado,no,no,no,no,no,AC-90
BP,3,39,,,3/11/90,suelos pardos claros,vi–as abandonadas,,no prospectado,no,no,no,no,no,AC-90
BP,3,38,,,3/11/90,suelos pardos claros,olivos y almendros abandonados. yermo,,no prospectado,no,no,no,no,no,AC-90
BP,3,37,,,3/11/90,suelos pardos claros,almendros. hierba,,de regular a mala,no,no,no,no,no,AC-90
BP,3,36,,,3/11/90,suelos pardos claros,almendros y olivos,,mala,no,no,no,no,no,AC-90
BP,3,35,,,3/11/90,suelos pardos claros,"campo abandonado. Hay olivos, pero hierba muy alta",,no prospectado,no,no,no,no,no,AC-90
BP,3,34,2,,3/11/90,suelos pardos claros,olivos,,regular-bien,si,no,si,no,no,AC-90
BP,3,34,3,,3/11/90,suelos pardos claros,almendros,,regular-bien,si,no,si,no,no,AC-90
BP,3,34,1,,3/11/90,suelos pardos claros,olivos abandonados. yermo,,no prospectado,no,no,no,no,no,AC-90
BP,3,33,,,3/11/90,"suelos pardos claros margosos Erosionado. Margas terciarias en superficie, de color gris azulado.",olivos y almendros,,buena,si,no,si,no,no,AC-90 ?
BP,3,32,,,3/11/90,Margas grises. Erosionado en parte. ,olivos. Yermo,,mala,si,no,si,no,no,AC-90
BP,10,1,,,31/10/90,"suelo pardo claro, sin muchas piedras",cultivo de almendros y olivos,,buena,si,si,no,no,no,AC-86=AC-45
BP,10,2,,,31/10/90,"suelo pardo claro, sin muchas piedras",cultivo de almendros y olivos,,regular-bien,no,no,no,no,no,AC-86=AC-45
BP,10,3,,,31/10/90,"suelo pardo claro, sin muchas piedras",cultivo de almendros y olivos,,buena,no,no,si,no,no,AC-86=AC-45
BP,10,4,,,31/10/90,"suelo pardo claro, sin muchas piedras",cultivo de almendros y olivos,,buena,si,no,no,no,no,AC-86=AC-45
BP,10,5,,,31/10/90,"suelo pardo claro, sin muchas piedras",cultivo de almendros y olivos,,buena,no,no,si,no,no,AC-86=AC-45
BP,10,6,,,31/10/90,"suelo pardo claro, sin muchas piedras",cultivo de almendros y olivos,,buena,si,no,no,no,no,AC-86=AC-45
BP,10,7,,,31/10/90,"suelo pardo claro, sin muchas piedras",cultivo de almendros y olivos,,buena,si,no,si,no,no,AC-86=AC-45
BP,10,8,,,31/10/90,"suelo pardo claro, sin muchas piedras",cultivo de almendros y olivos,,buena,no,no,si,no,no,AC-86=AC-45
BP,10,9,,,31/10/90,"suelo pardo claro, sin muchas piedras",cultivo de almendros y olivos,,regular-buena,no,no,no,no,no,AC-86=AC-45
BP,10,10,,,31/10/90,"suelo pardo claro, sin muchas piedras",cultivo de almendros y olivos,,buena,si,no,si,no,no,AC-86=AC-45
BP,10,11,,,31/10/90,"suelo pardo claro, sin muchas piedras",cultivo de almendros y olivos,,buena,si,no,si,no,no,AC-86=AC-45
BP,6,1,,,1/11/90,margas y suelos pardos,cereales,,optima,si,si,no,si P.P,no,AC-88
BP,6,2,,,1/11/90,margas y suelos pardos,cereales,,optima,si,si,si,si P.P.,no,AC-88
BP,6,3,,,1/11/90,margas y suelos pardos,cereales,,optima,si,si,si,no,no,AC-88
BP,6,4,,,1/11/90,margas y suelos pardos,cereales,,optima,si,si,si,no,no,AC-88
BP,6,5,,,1/11/90,margas y suelos pardos,cereales,,optima,si,si,si,no,no,AC-88
BP,6,6,,,9/2/91,margas y suelos pardos,cereales,,buena,si,si,no,si P.P.,no,AC-88
BP,6,7,,,9/2/91, suelos pardos margosos,frutales,,buena,si,si,si,si. molins,no,AC-88
BP,6,8,,,9/2/91, suelos pardos margosos,frutales,,buena,si,si,no,no,no,AC-88
BP,6,10,,,9/2/91, suelos pardos margosos,frutales,,buena,si,si,si,no,no,AC-88
BP,6,9,,,9/2/91, suelos pardos margosos,frutales,,buena,si,no,si,no,no,AC-88
BP,8,1,,,2/11/90,depositos de ladera?,cultivo de girasoles,,regular-buena,si,no,si,no,no,AC-89
BP,8,2,,,2/11/90,suelos pardos margosos. Mas oscuros hacia el rio/barranco,cultivo de girasoles,,regular-buena,no,no,si,no,no,AC-89
BP,8,3,,,2/11/90,suelos pardos margosos. Mas oscuros hacia el rio/barranco,cultivo de girasoles,,regular-buena,no,no,si,no,no,AC-89
BP,8,4,,,2/11/90,suelos pardos margosos. Mas oscuros hacia el rio/barranco,cultivo de girasoles,,regular-buena,si,si,no,no,no,AC-89
BP,8,5,,,2/11/90,suelos pardos margosos. Mas oscuros hacia el rio/barranco,cultivo de girasoles,,regular-buena,si,si,si,no,no,AC-89
BP,8,6,,,2/11/90,suelos pardos margosos. Mas oscuros hacia el rio/barranco,cultivo de girasoles,,regular-buena,no,si,si,no,no,AC-89
BP,8,7,,,2/11/90,suelos pardos margosos. Mas oscuros hacia el rio/barranco,cultivo de girasoles,,regular-buena,si,si,si,no,no,AC-89
BP,8,8,,,2/11/90,suelos pardos margosos. Mas oscuros hacia el rio/barranco,cultivo de girasoles,,regular-buena,si,si,si,no,no,AC-89
BP,8,9,,,2/11/90,suelos marr—n oscuro,vegetaci—n baja y pinos. cultivo de girasoles,,regular-buena,si,si,no,no,no,AC-89
BP,8,10,,,2/11/90,suelos pardos margosos,,,regular-buena,no,si,si,no,no,AC-89
BP,8,13,,,6/11/90,suelos pardos margosos,,,regular-buena,si,si,si,no,no,AC-89
BP,8,14,,,6/11/90,suelos pardos margosos,,,regular-buena,no,si,si,no,no,AC-89
BP,8,15,,,6/11/90,suelos pardos margosos,,,regular-buena,no,no,no,no,no,AC-89
BP,8,16,,,6/11/90,suelos pardos margosos,,,regular-buena,no,si,si,no,no,AC-89
BP,8,20,,,6/11/90,suelos pardos margosos,,,regular-buena,no,si,no,no,no,AC-89
BP,8,22,,,6/11/90,"peque–os bancales escalonados, encima del barranco",,,regular-buena,si,si,no,no,no,AC-89
BP,8,19,,,6/11/90,suelos pardos margosos,,,regular-buena,si,no,si,no,no,AC-89
BP,8,11,,,6/11/90,suelos pardos margosos,,,regular-buena,no,si,si,no,no,AC-89
BP,2,1-2,,,5/11/90,Terreno pedregoso,cultivo de cereales. Hierba baja,,mala,si,no,no,no,no,AC-17
BP,2,3,,,5/11/90,suelos pardos,cultivo de cereales. Hierba baja,,muy mala,no,no,no,no,no,AC-17
BP,2,4,,,5/11/90,terreno menos pedregoso y marr—n,"yermo, con olivos y almendros",,muy mala,si,si,si,no,no,AC-17
BP,2,5,,,5/11/90,"suelos pardos, margosos","yermo, sin arboles",,buena,si,si,si,no,no,AC-17
BP,2,7-8-9,,,5/11/90,"Corresponde a los bancales D/H, marcados en la foto aerea, transformados hace 15 a–os.suelos pardos, margosos",melocotoneros,,de regular a mal,si,si,si,si,no,AC-17
BP,2,6,,,5/11/90,"suelos pardos, margosos",arboles frutales,,de regular a mal,si,no,si,no,no,AC-17
BP,2,10,,,5/11/90,"suelos pardos, margosos",yermo,,mala,si,no,no,no,no,AC-17
BP,2,11,,,5/11/90,"suelos pardos, margosos",olivos abandonados. yermo,,no prospectado,no,no,no,no,no,AC-17
BP,2,12,,,5/11/90,"suelos pardos, margosos",olivos,,mala.prospectado el 50%,no,no,no,no,no,AC-17
Alcalˆ,2,13,1-2,,,,,,,si,no,no,no,no,
Alcalˆ,2,4,7,,,,,,,no,no,si,no,no,
BP,2,13,,,5/11/90,Terreno con muchas piedras,frutales (melocotoneros),,mala,si,no,no,"si, p.p.",no,
BP,2,14,,,11/11/93,Matorral alto. No es visible el suelo,"olivos abandonados. Pinos, matorral",,nula,no,no,no,no,no,
BP,2,15,,,11/11/93,suelos pardos a manchas oscuras. Abundancia de cantos.,olivos,,buena,si,si,si ibero-romana,no,no,
BP,2,16,,,11/11/93,suelos pardos a manchas oscuras. Abundancia de cantos.,"yermo, con algunos olivos",,de regular a mala,si,no,si (rodada),no,no,
BP,2,17,,,11/11/93,"suelos pardos claros/oscuros a grandes manchas. Fracci—n m‡s escasa, salvo al principio, junto a la carretera",frutales (melocotoneros),,de regular a buena,si,no,si,no,no,
BP,2,18,,,11/11/93,"suelos pardos claros, oscuros a zonas. Material relativamente abundante. Zonas de piedras, que no parecen terrazas.",cultivo de cereales,,buena,si,si,no,no,no,
BP,2,19,,,11/11/93,suelos pardos uniformes. piedras abundantes en zonas. ,"yermo, con olivos",,de regular a buena,si,no,si (fenicia?),no,no,
BP,2,20,,,11/11/93,suelos pardos uniformes ,"yermo, con olivos",,de regular a mala,si,no,si,no,no,
BP,2,21,,,11/11/93,"suelos pardos claros, mas oscuros en zonas. Sin grandes concentraciones de piedras. Materiales liticos frecuentes",olivos,,buena,si,no,no,no,no,
BP,2,22,,,19/11/93,Suelos pardos claros. Poca fracci—n. Margosos,olivos,,buena,si,si,si,no,no,
BP,2,23,a,,19/11/93,"suelos pardos claros, mas oscuros a zonas",olivos,,buena,si,si,si,"si, concha",no,
BP,2,23,b,,19/11/93,"suelos pardos claros, en algunas zonas mas oscuros. ",olivos,,buena,si,si,no,no,no,
BP,2,24,a,,19/11/93,"Suelos pardos claros, en algunas zonas mas oscuros",olivos,,buena,si,no,no,no,no,
BP,2,24,b,,19/11/93,no prospectado,"yermo, con olivos abandonados",,nula,no,no,no,no,no,
BP,2,25,,,19/11/93,suelos pardos oscuros,"yermo, con olivos abandonados",,mala,no,no,no,no,no,
BP,2,26,,,19/11/93,"Suelos pardos claros, fracci—n abundante. Posiblemente tra’da.",cultivo de almendros,,de regular a buena,si,no,no,no,no,
BP,2,27,,,19/11/93,"Suelos pardos claros, oscuros a manchas. Escasa fracci—n",olivos,,buena,si,no,si,no,no,
BP,2,28,,,19/11/93,"Suelos pardos claros, con manchas marones. Escasa fracci—n",frutales,,de regular a buena,si,no,si,no,no,
BP,2,31,,,20/11/93,no prospectado,,,nula,no,no,no,no,no,
BP,2,32,,,20/11/93,"suelos pardos oscuros, m‡s claros hacia la carretera. Fracci—n escasa",olivos,,buena,si,no,si,no,no,
BP,2,33,,,20/11/93,suelos pardos. mucha vegetaci—n,,,mala,no,si,si,no,no,
BP,2,34,,,20/11/93,Suelo pardo - marr—n claro. Escasa fracci—n,olivos,,buena,si,si,si,si,no,
BP,2,35,a,,20/11/93,"suelos pardos claros, con manchas mas oscuras",olivos,,buena,si,si,si,no,no,
BP,2,35,b,,20/11/93,similar a 35-a tiene tierra pardo-oscura,olivos,,buena,si,si,si,no,no,
BP,2,36,a,,20/11/93,"Recien roturado. Suelo pardo claro, en zonas oscuro, donde se concentra el material",olivos,,buena,si,si,si,no,no,
BP,2,37,a,,20/11/93,"margas, junto a la zona alta  con pinos.desmontado.",olivos,,buena,si,si,si,no,no,
BP,4,23,,,26/10/90,suelos pardos,cultivos de secano : olivos y almendros,,buena,no,si,si,no,"habian tumbas romanas, excavadas por Visedo",AC-85 Mas Blanch
BP,4,24,,,26/10/90,suelos pardos,cultivos de secano : olivos y almendros,,buena,no,si,si,"si, una moneda","habian tumbas romanas, excavadas por Visedo",AC-85 Mas Blanch
BP,4,25,,,26/10/90,suelos pardos,cultivos de secano : olivos y almendros,,buena,no,si,si,no,"habian tumbas romanas, excavadas por Visedo",AC-85 Mas Blanch
BP,4,26,,,26/10/90,suelos pardos,cultivos de secano : olivos y almendros,,buena,no,si,si,no,"habian tumbas romanas, excavadas por Visedo",AC-85 Mas Blanch
BP,4,27,,,26/10/90,suelos pardos,"yermo, con pinos. bancales abandonados con mucha hierba",,regular-mala,no,si,si,no,"habian tumbas romanas, excavadas por Visedo",AC-85 Mas Blanch
BP,4,22,,,27/10/90,"suelos pardos, margosos","cultivo de secano, completamente cubierto de hierba",,no se prospecta,no,no,no,no,no,AC-85 Mas Blanch
BP,4,21,,,27/10/90,"suelos pardos, margosos",cultivos de secano : olivos y almendros,,buena en un 50/60%,si,si,si,no,no,AC-85 Mas Blanch
BP,4,20,,,27/10/90,"suelos pardos, margosos",cultivo de cereales,,buena en un 60/50%,si,si,si,no,no,AC-85 Mas Blanch
BP,4,19,,,27/10/90,"suelos pardos, margosos",cultivo de cereales. algunos olivos.,,buena en un 60/50%,si,si,si,no,no,AC-85
BP,4,18-17,,,29/10/90,suelos pardos,cultivo de cereales. ,,buena,si,si,no,no,no,AC-85
BP,4,16,,,29/10/90,suelos pardos,cultivo de cereales. ,,buena,si,si,si,no,no,AC-85
BP,4,14,,,29/10/90,suelos pardos,cubierto de hierba,,mala,si,si,no,no,no,AC-85
BP,4,15,,,29/10/90,suelos pardos,cereales,,regular-buena,si,si,no,no,no,AC-85
BP,4,13,,,29/10/90,suelos pardos,cubierto de hierba,,mala,si,no,no,no,no,AC-44
BP,4,12,,,29/10/90,suelos pardos,cubierto de hierba,,mala,si,no,no,no,no,AC-44
BP,4,11,,,29/10/90,suelos pardos,cubierto de hierba,,mala,no,si,no,no,no,AC-44
BP,4,10,,,29/10/90,suelos pardos,cubierto de hierba,,mala,no,no,no,no,no,AC-44
BP,4,28,,,30/10/90,suelos pardos,yermo. antiguo cultivo de cereales,,regular-mala,si,si,si,no,no,AC-85
BP,4,29,,,30/10/90,suelos pardos,yermo. antiguo cultivo de cereales,,regular-mala,si,si,si,no,no,AC-85
BP,4,30,,,30/10/90,suelos pardos,yermo,,regular,si,si,si,no,no,AC-85
BP,4,31,,,30/10/90,suelos pardos,olivos y almendros,,regular-mala,si,si,no,no,no,AC-85
BP,4,32,,,30/10/90,suelos pardos,yermo. olivos y almendros,,regular-mala,si,no,no,no,no,AC-85
BP,4,1,,,30/10/90,suelos pardos. terrenos acabados de labrar. ,cultivo de cereales,,mala,no,no,no,no,no,AC-44
BP,4,2,,,30/10/90,suelos pardos. terrenos acabados de labrar. ,cultivo de cereales,,mala. acabados de labrar,no,no,no,no,no,AC-44
BP,4,3,,,30/10/90,suelos pardos. terrenos acabados de labrar. ,cultivo de cereales,,mala. acabados de labrar,no,no,no,no,no,AC-44
BP,4,4,,,30/10/90,suelos pardos. terrenos acabados de labrar. ,cultivo de cereales,,mala. acabados de labrar,no,no,no,no,no,AC-44
BP,4,5,,,30/10/90,suelos pardos. terrenos acabados de labrar. ,cultivo de cereales,,mala. acabados de labrar,no,no,no,no,no,AC-44
BP,4,6,,,30/10/90,suelos pardos. terrenos acabados de labrar. ,cultivo de cereales,,mala. acabados de labrar,no,no,no,no,no,AC-44
BP,4,7,,,30/10/90,suelos pardos. ,cultivo de cereales,,mala. acabados de labrar,si,si,no,no,no,AC-44
BP,4,8,,,30/10/90,suelos pardos. ,cultivo de cereales,,regular,si,si,no,no,no,AC-44
BP,4,9,,,30/10/90,suelos pardos. ,cultivo de cereales,,regular,si,si,no,no,no,AC-44
Serpis,XI,3,1,,,suelos pardos,olivos y frutales,,regular,no,no,no,no,no,
Serpis,XI,3,2,,,suelos pardos encima de suelos rojos (posible pleistoceno),frutales,,regular,no,no,no,no,no,
Serpis,XI,3,3,,,suelos pardos margosos,frutales,,regular-buena,no,no,no,no,no,
Serpis,XI,3,4,,,suelos pardos margosos,frutales,,regular-buena,no,no,no,no,no,
Serpis,XI,3,5,,,suelos pardos margosos,"vi–a, olivos y frutales",,regular-buena,no,no,no,no,no,
Serpis,XI,3,6,,,suelos pardos margosos,frutales,,regular-buena,no,no,no,no,no,
Serpis,XI,3,7,,,suelos pardos margosos,yermo,,mala,no,no,no,no,no,
Serpis,XI,3,8,,,posible terraza (T1 o T2),"arboles peque–os. Una zona con pinos, no prospectada",,regular,no,no,no,no,no,
Serpis,XI,3,9,,,suelos pardos,frutales y olivos,,buena,no,no,no,no,no,
Serpis,XI,3,10,,,suelos pardos,frutales. yermo,,regular-buena,si,no,no,no,no,AC-69
Serpis,XI,3,11,,,suelos pardos margosos,"olivos, frutales, vi–a",,regular-buena,no,no,no,no,no,
Serpis,XI,3,12,,,suelos pardos margosos,olivos y frutales,,buena,no,no,no,no,no,
Serpis,XI,3,13,,,suelos pardos,olivos y frutales,,buena,no,no,no,no,no,
Serpis,XI,3,14,,,suelos pardos,frutales y olivos,,buena,no,no,no,no,no,
Serpis,XI,3,15,,,suelos pardos,"frutales, yermo",,regular-buena,no,no,no,no,no,
Serpis,XI,3,16,,,suelos pardos,frutales,,buena,no,no,no,no,no,
Serpis,XI,9,1,,,suelos rojos,olivos,,buena,no,no,no,no,no,
Serpis,XI,9,2,,,suelos rojos,olivos,,buena,o,no,no,no,no,
Serpis,XI,9,3,,,suelos rojos,frutales,,buena,no,no,si,no,no,AC-67
Serpis,XI,9,4,,,suelos pardos,olivos,,buena,no,no,no,no,no,
Serpis,XI,9,5,,,suelos pardos,olivos y almendros,,buena,si,no,si,no,no,AC-68
Serpis,XI,9,6,,,suelos pardos,olivos,,buena,no,no,no,no,no,
Serpis,XLVI,1,,,,,,,,si,?,?,no,no,
Serpis,XLVI,2,,,,Suelos pardos. posible terraza (To) en la mitad inferior del subsector,olivos. yermo,,regular-mala,si,?,?,no,no,
Serpis,XLVI,3,,,,suelo pardo margoso,"olivos, algunos frutales",,buena,si,?,?,no,no,
Serpis,XLVI,4,,,,suelo pardo margoso,"olivos, algunos frutales",,buena,?,?,?,no,no,
Serpis,XLVI,5,1,,,suelos pardos,olivos,,buena,si,si,si,no,no,
Serpis,XLVI,5,2,,,no prospectado,,,no prospectado,no,no,no,no,no,
Serpis,XLVI,6,1,,,suelos pardos margosos,olivos,,buena,?,?,?,?,o,
Serpis,XLVI,6,2,,,suelos pardos margosos,olivos,,buena,no,si,si,no,no,
Serpis,XLVI,6,3,,,suelos pardos margosos,olivos,,buena,si,no,si,no,no,
Serpis,XLVI,6,4,,,suelos pardos margosos,olivos,,buena,si,no,si,no,no,
Serpis,XLVI,6,5,,,suelos pardos margosos,olivos,,buena,?,no,si,no,no,
Serpis,XLVI,6,6,,,suelos pardos margosos,olivos,,buena,?,no,si,no,no,
Serpis,XLVI,6,7,,,margas,olivos,,buena,no,no,si,no,no,
Serpis,XLVI,6,8,,,margas,vi–a,,buena,no,no,si,no,no,
Serpis,XLVI,7,1,,,margas,olivos. yermo,,muy mala,si,no,si,no,no,
Serpis,XLVI,8,1,,,suelos pardos margosos,olivos,,buena,si,no,si,no,no,
Serpis,XLVI,8,2,,,suelos pardos margosos,olivos,,buena,no,no,no,no,no,
Serpis,XLVI,8,3,,,margas,frutales,,buena,no,no,si,no,no,
Serpis,XLVI,8,4,,,margas,olivos,,buena,si,no,si,no,no,
Serpis,XLVI,8,5,,,margas,olivos,,buena,si,no,si,no,no,
Serpis,XLVI,8,6,,,margas,olivos,,buena,si,si,si,no,no,
Serpis,XLVI,8,7,,,dep—sitos de ladera. limos de vertiente. suelo marr—n,olivos,,buena,si,si,no,no,no,
Serpis,XLVI,8,8,,,dep—sitos de ladera. limos de vertiente. suelo marr—n,olivos,,buena,si,no,no,no,no,
Serpis,XLVI,8,9,,,dep—sitos de ladera. limos de vertiente. suelo marr—n,frutales,,buena,no,no,no,no,no,
Serpis,XLVI,8,10,,,dep—sitos de ladera. limos de vertiente. suelo marr—n,frutales,,buena,si,si,no,no,no,
Serpis,XLVI,8,11,,,suelos pardos margosos,olivos,,buena,si,no,no,no,no,
Serpis,XLVI,8,12,,,suelos pardos margosos,olivos,,buena,si,no,no,no,no,
Serpis,XLVI,8,13,,,suelos pardos margosos,olivos,,buena,si,no,si,no,no,
Serpis,XLVI,8,14,,,suelos pardos margosos,olivos,,buena,si,no,si,no,no,
Serpis,XLVI,8,15,,,suelos pardos margosos,olivos,,buena,si,si,si,no,no,
Serpis,XLVI,8,16,,,suelos pardos margosos,olivos,,buena,si,si,si,no,no,
Serpis,XLVI,8,17,,,suelos pardos margosos,olivos,,buena,si,no,si,no,no,
Serpis,XLVI,8,18,,,suelos pardos margosos,olivos,,buena,si,no,si,no,no,
Serpis,XLVI,8,19,,,suelos pardos margosos,olivos,,buena,si,no,si,no,no,
Serpis,XLVI,8,20,,,suelos pardos margosos,olivos,,buena,no,no,no,no,no,
Serpis,XLVI,8,21,,,suelos pardos margosos,olivos,,buena,no,no,no,no,no,
Serpis,XLVI,8,22,,,zona de transici—n de suelos margosos y marrones (dep—sitos de ladera),olivos y almendros,,buena,no,no,no,no,no,
Serpis,XLVI,8,23,,,suelos pardos margosos,olivos,,buena,no,no,no,no,no,
Serpis,XLVI,8,24,,,suelos pardos margosos,olivos,,buena,no,no,no,no,no,
Serpis,XLVI,8,25,,,Urbanizado,chalet,,no prospectado,no,no,no,no,no,
Serpis,XLVI,9,,,,suelos pardos margosos,olivos,,regular-buena,no,no,no,no,no,
BP,3,1,,,15/3/87,suelos pardos,olivos,,buena,si,si,no,no,no,AC-36
BP,3,2,,,15/3/87,suelos pardos,yermo,,mala,si,si,no,no,no,AC-36
BP,3,3,,,16/3/87,suelos pardos,olivos,,buena,si,si,no,no,no,AC-36
BP,3,4,,,17/3/87,suelos pardos,olivos,,buena,si,si,no,no,no,AC-36
BP,3,5/7b,,,17/3/87,suelos pardos,frutales,,buena,si,si,no,si,no,AC-36*
BP,3,15,,,16/3/87,suelos pardos claros,olivos y almendros,,buena,si,si,no,no,no,
BP,3,16,,,16/3/87,suelos pardos claros,olivos y almendros,,buena,si,si,no,no,no,AC-36
BP,3,17,,,16/3/87,suelos pardos claros,olivos y almendros,,buena,si,si,no,no,no,AC-36
BP,3,24,,,30/10/89,suelo pardo claro,olivos y almendros. Hierba baja,,regular,si,no,si,no,no,
BP,3,26,,,30/10/89,suelos pardos ,almendros y olivos,,regular,si,no,si,no,no,
BP,3,28,a + b,,,suelos pardos,almendros,,buena,si,si,si,si,no,
BP,3,29,,,30/10/89,"suelos pardos claros, margosos",almendros,,buena,si,si,si,no,no,
BP,3,30,,,17/3/89,"suelos pardos claros, margosos",almendros,,buena,si,si,si,no,no,AC-76
BP,3,42,,,17/3/87,suelos pardos,yermo,,mala,si,si,si,no,no,AC-36
BP,3,27,,,30/10/89,"suelos pardos, margosos",olivos. yermo.hierba alta,,mala,no,no,si,no,no,
BP,3,8,,,16/3/94,"suelos pardos, poca fracci—n",almendros,,mala,no,no,no,no,no,
BP,3,10,,,16/3/94,"suelos pardos, con manchas mas oscuras. Poca fracci—n. El material aparece concentrado junto a 11",olivos y almendros,,regular,si,si,si,no,no,
BP,3,9,,,16/3/94,suelos pardos,almendros y olivos. Hierba media,,regular-bien,si,no,no,no,no,
BP,3,11,,,16/3/94,suelos pardos,almendros y olivos. Recien labrado,,NO prospectado. muy mala,no,no,no,no,no,
BP,3,12,,,16/3/94,"suelos pardos, algo mas claros",almendros y olivos. Recien labrado,,NO prospectado. muy mala,no,no,no,no,no,
BP,3,14,,,16/3/94,suelos pardos algo mas claros. yermo en un 25%. Hierba alta en zonas,almendros y olivos en 2 bancales,,mala,si,si,no,no,no,
BP,3,13,,,16/3/94,suelos pardos,yermo,,No prospectado,no,no,no,no,no,
BP,3,18-19,,,16/3/94,suelos pardos,almendros y olivos. recien labrado,,No prospectado. muy mala,no,no,no,no,no,
BP,3,20,,,16/3/94,suelo pardo mas claro,almendros y olivos,,regular,no,no,no,no,no,
BP,3,25,,,16/3/94,Suelo pardo claro,almendros y olivos. Hierba baja,,mala,no,no,no,no,no,
BP,3,23,,,16/3/94,Suelo pardo claro,almendros y olivos. Hierba baja,,mala,no,no,no,no,no,
BP,6,11,,,20/11/93, suelos pardos margosos,frutales,,regular-buena,si,si,si,no,no,
Serpis,XLVI,1,,,,suelos pardos. Posible terraza (To) en la mitad inferior del subsector,frutales y olivos,,regular,si,?,,,,
Serpis,XLVI,5,3,,17/3/94,suelos pardos margosos,almendros,,regular-buena,si,no,no,no,no,
Serpis,XIV,9,1,,,"suelos pardos, marrones",olivos,,regular,no,no,no,no,no,
Serpis,XIV,9,2,,,"suelos pardos, margosos",frutales,,buena,no,no,no,no,no,
Serpis,XIV,9,3,,,suelos pardos,olivos,,buena,no,no,no,no,no,
Serpis,XIV,9,4,,,suelos pardos,frutales,,regular,no,no,no,no,no,
Serpis,XIV,9,5,,,suelos pardos,frutales,,buena,no,no,no,no,no,
Serpis,XIV,9,6,,,suelos pardos,frutales,,buena,no,no,no,no,no,
Serpis,XIV,9,7,,,suelos pardos,frutales,,buena,no,no,no,no,no,
Serpis,XIV,8,,,,suelos pardos,olivos,,"buena 75%, no visible 25%",si?,?,?,no,no,
Serpis,XIV,10,1,,,margas,olivos,,buena,no,no,no,no,no,
Serpis,XIV,10,2,,,suelos pardos margosos,frutales,,buena,si?,?,?,no,no,
Serpis,XIV,10,3,,,suelos pardos margosos,frutales,,media,no,no,no,no,no,
Serpis,XIV,10,4,,,suelos pardos margosos,frutales y livos,,buena,no,no,no,no,no,
Serpis,XIV,11,1,,,margas,cultivo de secano,,media,si?,?,?,no,no,
Serpis,XIV,11,2,,,suelos pardos,frutales,,buena,no,no,no,no,no,
Serpis,XIV,11,3,,,suelos pardos,frutales,,media,no,no,no,no,no,
Serpis,XIV,11,4,,,suelos pardos,frutales,,buena,no,no,no,no,no,
Serpis,XIV,11,5,,,suelos pardos,frutales,,media,no,no,no,no,no,
Serpis,XIV,11,6,,,suelos pardos,frutales,,buena,no,no,no,no,no,
Serpis,XIV,11,7,,,suelos pardos,frutales,,buena,no,no,no,no,no,
Serpis,XIV,11,8,,,suelos pardos,frutales,,buena,no,no,no,no,no,
Serpis,XIV,11,9,,,suelos pardos,vi–a,,buena,no,no,no,no,no,
Serpis,XIV,11,10,,,suelos pardos,frutales y olivos,,buena,no,no,no,no,no,
Serpis,XIV,11,11,,,suelos pardos,olivos,,buena,no,no,no,no,no,
Serpis,XIV,7,1,,,no prospectado,,,no prospectado,no,no,no,no,no,
Serpis,XIV,7,2,,,"margas, con manchas rojizas. Posible zona de contacto con dep—sitos de ladera",olivos. yermo,,mala,no,no,no,no,no,
Serpis,XIV,6,1,,,suelo rojizo. limos de vertiente,olivos,,buena,si,?,?,no,no,AC-78-A
Serpis,XIV,6,2,,,suelo rojizo. limos de vertiente,olivos y almendros,,buena,no,no,no,no,no,
Serpis,XIV,6,3,,,suelo rojizo. limos de vertiente,olivos y frutales,,buena,si,?,?,no,no,AC-78-B
Serpis,XIV,6,4,,,suelo rojizo. limos de vertiente,olivos ,,buena,no,no,no,no,no,
Serpis,XIV,6,5,,,dep—sitos de ladera. tierra rojiza,yermo,,mala,no,no,no,no,no,
Serpis,XIV,4,1,,,No prospectado,F‡bricas y chalets,,no prospectado,no,no,no,no,no,
Serpis,XIV,4,2,,,No prospectado,,,no prospectado,,,,,,
Serpis,XIV,4,3,,,probablemente T 1Solo prospectado en la parte baja,yermo. frutales,,media,si,?,?,si. pp.,no,AC - 79
Serpis,XIV,4,4,,,no prospectado,yermo,,muy mala,no,no,no,no,no,
Serpis,XIII,1,,,,suelo rojo. posible abanico,almendros y olivos,,regular-buena,?,?,?,no,no,
Serpis,XIII,2,,,,no prospectado,casa,,nula. no prospectado,no,no,no,no,no,
Serpis,XIII,3,,,,suelo rojo. limos de vertiente,olivos,,buena,no,no,no,no,no,
Serpis,XIII,6,,,,no prospectado,,,no prospectado,no,no,no,no,no,
Serpis,XIII,7,1,,,no visible,Urbanizaci—n,,no prospectado,no,no,no,no,no,
Serpis,XIII,7,2,,,no prospectado,,,no prospectado,no,no,no,no,no,
Serpis,XIII,7,3,,,suelos pardos claros. margosos,"olivos, cereal. algunos frutales.",,buena,no,no,no,no,no,
Serpis,XIII,10,1,,,limos de vertiente. suelos rojos,olivos,,buena,no,no,no,no,no,
Serpis,XIII,10,2,,,no prospectado,,,no prospectado,no,no,no,no,no,
Serpis,XIII,12,,,,suelos pardo claros. margas,olivos,,buena,si,?,?,no,no,
Serpis,XIII,21,1,,,suelos marr—n rojizo. limos de vertiente?,olivos,,buena,no,no,no,no,no,
Serpis,XIII,21,2,,,no prospectado,,,no prospectado,no,no,no,no,no,
Serpis,XIII,21,3,,,suelos marr—n rojizo. posibles limos de vertiente,olivos,,buena,no,no,no,no,no,
Serpis,XIII,21,4,,,suelos marr—n rojizo. posibles limos de vertiente,olivos,,regular-buena,no,no,no,no,no,
Serpis,XIII,21,5,,,suelos marr—n rojizo. posibles limos de vertiente,olivos,,buena,no,no,no,no,no,
Serpis,XIII,21,6,,,margas,olivos,,buena,si,?,?,no,no,AC- 71
Serpis,XIII,21,7,,,margas,olivos,,buena,no,no,no,no,no,
Serpis,XIII,21,8,,,no prospectado,,,no prospectado,no,no,no,no,no,
Serpis,XIII,21,9,,,suelos pardos claros. margas,olivos,,buena,no,no,no,no,no,
Serpis,XIII,21,10,,,suelos pardos ,vi–a,,regular-buena,no,no,no,no,no,
Serpis,XIII,21,11,,,suelos pardos claros. margas,olivos,,buena,no,no,no,no,no,
Serpis,XIII,21,12,,,suelos pardos claros. margas,olivos,,buena,no,no,no,no,no,
Serpis,XIII,21,13,,,margas,olivos,,buena,no,no,no,no,no,
Serpis,XIII,21,14,,,margas de tono rojizo,olivos,,buena,no,no,no,no,no,
Serpis,XIII,24,1,,,posible terraza,yermo,,regular-mala,no,no,no,no,no,
Serpis,XIII,24,2,,,posible terraza,yermo,,No prospectado,np,no,no,no,no,
Serpis,XIII,24,3,,,Terraza (T 0),yermo,,mala,no,no,no,no,no,
Serpis,XIII,23,1,,,suelos pardos,olivos,,buena,si,no,si,no,no,
Serpis,XIII,23,2,,,suelos pardos margosos,olivos,,regular-buena,no,no,no,no,no,
Serpis,XIII,23,3,,,suelos pardos ,olivos,,buena,no,no,no,no,no,
Serpis,XIII,23,4,,,margas,olivos,,buena,no,no,no,no,no,
Serpis,XIII,23,5,,,margas. suelos pardos,yermo,,muy mala,no,no,no,no,no,
Serpis,XIII,23,6,,,suelos pardos,frutales,,regular-buena,no,no,no,no,no,
Serpis,XIII,23,7,,,margas,olivos,,buena,no,no,no,no,no,
Serpis,XIII,23,8,,,Terraza (T 0),yermo,,mala,no,no,no,no,no,
Serpis,XIII,23,9,,,Terraza (T 0),yermo,,mala,no,no,no,no,no,
Serpis,XIII,23,10,,,No prospectado,Casco Urbano,,No prospectado,no,no,no,no,no,
Serpis,XIII,23,11,,,Terraza (T 0),,,regular-mala,no,no,no,no,no,
Serpis,XIII,23,12,,,margas de tono rojizo,olivos y almendros,,buena,no,no,no,no,no,
Serpis,XIII,22,1,,,Terrza (T 0),,,regular-mala,no,no,no,no,no,
Serpis,XIII,22,2,,,margas con manchas rojizas,"yermo. actualmente desfondado (1 m, aprox)",,regular mala,si,?,?,no,no,AC - 72
Serpis,XIII,22,3,,,margas,olivos,,regular-buena,si,?,?,no,no,AC-74
Serpis,XIII,22,4,,,dep—sitos de ladera. suelos marr—n rojizo,olivos. algœn chalet que no se prospect—,,regular-buena,no,no,no,no,no,
Serpis,XIII,22,5,,,margas,sin cultivo,,regular-mala,no,no,no,no,no,
Serpis,XIII,22,6,,,margas grises,olivos y almendros,,buena,no,no,no,no,no,
Serpis,XIII,22,7,,,margas grises,olivos y almendros,,buena,no,no,no,no,no,
Serpis,XIII,22,8,,,margas,olivos,,buena,si,?,?,no,no,AC - 73
Serpis,XIII,22,9,,,Zonas no prospectadas,,,no prospectado,no,no,no,no,no,
Serpis,XIII,22,10,,,margas,olivos,,buena,no,no,no,no,no,
