bag_number,date,region,stratum,sector,subsector,site,abraded,edge_damage,technological_class,completeness,size_class,cortex,platform_type,blade_section,retouched_tool_type,retouch_mode,sheen,count,length,width,thickness,total,notes,survey_pass
344,,Serpis,XLVI,XLVI-8,XLVI-8-14,AC-37,2,,6,,2,,,,,,,1,0,0,0,741,,1
344,,Serpis,XLVI,XLVI-8,XLVI-8-14,AC-37,1,2,6,,2,,,,,,,1,0,0,0,741,,1
344,,Serpis,XLVI,XLVI-8,XLVI-8-14,AC-37,1,3,6,,2,,,,,,,4,0,0,0,741,,1
344,,Serpis,XLVI,XLVI-8,XLVI-8-14,AC-37,1,2,1.2,2,2,2,,,,,,1,0,0,0,741,,1
344,,Serpis,XLVI,XLVI-8,XLVI-8-14,AC-37,1,3,3,2,2,1,2,,,,,1,0,0,0,741,,1
344,,Serpis,XLVI,XLVI-8,XLVI-8-14,AC-37,1,3,3,2,2,1,2,,,,,1,0,0,0,741,,1
344,,Serpis,XLVI,XLVI-8,XLVI-8-14,AC-37,1,3,3,2,2,2,2,,,,,1,0,0,0,741,,1
344,,Serpis,XLVI,XLVI-8,XLVI-8-14,AC-37,1,3,3,2,2,1,0,,,,,1,0,0,0,741,,1
344,,Serpis,XLVI,XLVI-8,XLVI-8-14,AC-37,1,2,3,2,2,1,0,,,,,1,0,0,0,741,,1
344,,Serpis,XLVI,XLVI-8,XLVI-8-14,AC-37,1,2,3,2,1,1,2,,,,,1,0,0,0,741,,1
344,,Serpis,XLVI,XLVI-8,XLVI-8-14,AC-37,1,2,3,2,1,1,2,,,,,1,0,0,0,741,,1
344,,Serpis,XLVI,XLVI-8,XLVI-8-14,AC-37,1,3,3,2,1,1,2,,,,,1,0,0,0,741,,1
344,,Serpis,XLVI,XLVI-8,XLVI-8-14,AC-37,1,2,3,2,1,1,0,,,,,1,0,0,0,741,,1
344,,Serpis,XLVI,XLVI-8,XLVI-8-14,AC-37,1,2,3,2,1,2,2,,,,,1,0,0,0,741,,1
344,,Serpis,XLVI,XLVI-8,XLVI-8-14,AC-37,1,3,3,2,1,1,0,,,,,1,0,0,0,741,,1
344,,Serpis,XLVI,XLVI-8,XLVI-8-14,AC-37,1,2,3,2,1,1,2,,,,,1,0,0,0,741,,1
344,,Serpis,XLVI,XLVI-8,XLVI-8-14,AC-37,1,2,3,2,1,1,2,,,,,1,0,0,0,741,,1
344,,Serpis,XLVI,XLVI-8,XLVI-8-14,AC-37,1,2,4,2,1,1,0,2,,,,1,14.8,12.1,2.4,741,,1
344,,Serpis,XLVI,XLVI-8,XLVI-8-14,AC-37,1,2,5,2,1,1,0,1,,,,1,0,0,0,741,,1
344,,Serpis,XLVI,XLVI-8,XLVI-8-14,AC-37,1,2,3,2,2,1,0,,9,A,,1,0,0,0,741,,1
344,,Serpis,XLVI,XLVI-8,XLVI-8-14,AC-37,1,2,4,2,1,1,0,3,8,A,,1,0,0,0,741,,1
344,,Serpis,XLVI,XLVI-8,XLVI-8-14,AC-37,1,3,4,1,2,1,1,1,8,A,,1,25.1,13.9,3.8,741,,1
345,,Serpis,XLVI,XLVI-8,XLVI-8-13,AC-37,1,3,6,,2,,,,,,,2,0,0,0,741,,1
345,,Serpis,XLVI,XLVI-8,XLVI-8-13,AC-37,1,3,6,,1,,,,,,,1,0,0,0,741,,1
345,,Serpis,XLVI,XLVI-8,XLVI-8-13,AC-37,1,2,6,,1,,,,,,,8,0,0,0,741,,1
345,,Serpis,XLVI,XLVI-8,XLVI-8-13,AC-37,1,2,1.3,2,1,1,,,,,,1,0,0,0,741,,1
345,,Serpis,XLVI,XLVI-8,XLVI-8-13,AC-37,1,2,3,1,2,1,,,,,,1,0,0,0,741,,1
345,,Serpis,XLVI,XLVI-8,XLVI-8-13,AC-37,1,3,3,1,2,1,2,,,,,1,0,0,0,741,,1
345,,Serpis,XLVI,XLVI-8,XLVI-8-13,AC-37,1,3,3,2,2,1,0,,,,,1,0,0,0,741,,1
345,,Serpis,XLVI,XLVI-8,XLVI-8-13,AC-37,1,2,3,2,2,1,2,,,,,1,0,0,0,741,,1
345,,Serpis,XLVI,XLVI-8,XLVI-8-13,AC-37,1,2,3,1,1,1,2,,,,,1,0,0,0,741,,1
345,,Serpis,XLVI,XLVI-8,XLVI-8-13,AC-37,1,2,3,2,1,1,2,,,,,1,0,0,0,741,,1
345,,Serpis,XLVI,XLVI-8,XLVI-8-13,AC-37,1,2,3,2,1,1,2,,,,,1,0,0,0,741,,1
345,,Serpis,XLVI,XLVI-8,XLVI-8-13,AC-37,1,2,3,2,1,3,2,,,,,1,0,0,0,741,,1
345,,Serpis,XLVI,XLVI-8,XLVI-8-13,AC-37,1,2,4,2,2,1,2,1,,,,1,21.7,17,3.6,741,,1
345,,Serpis,XLVI,XLVI-8,XLVI-8-13,AC-37,1,2,4,2,1,1,3,1,,,,1,12.7,13.4,3.5,741,,1
345,,Serpis,XLVI,XLVI-8,XLVI-8-13,AC-37,1,2,5,2,1,1,0,1,,,,1,0,0,0,741,,1
345,,Serpis,XLVI,XLVI-8,XLVI-8-13,AC-37,1,2,5,2,1,1,0,1,,,,1,0,0,0,741,,1
345,,Serpis,XLVI,XLVI-8,XLVI-8-13,AC-37,1,2,4,2,1,1,0,1,8,A,,1,14.3,14.2,3.3,741,,1
345,,Serpis,XLVI,XLVI-8,XLVI-8-13,AC-37,1,2,4,2,1,1,0,2,8,A,,1,12.3,13.6,3.4,741,,1
345,,Serpis,XLVI,XLVI-8,XLVI-8-13,AC-37,1,2,3,2,1,1,0,,14,S,,1,0,0,0,741,,1
347,,Serpis,XLVI,XLVI-8,XLVI-8-6,AC-37,1,2,6,2,,,,,,,,1,0,0,0,741,,1
347,,Serpis,XLVI,XLVI-8,XLVI-8-6,AC-37,1,2,5,2,1,1,3,2,,,,1,26.2,10.1,3.3,741,,1
347,,Serpis,XLVI,XLVI-8,XLVI-8-6,AC-37,1,2,4,2,1,1,0,1,,,,1,0,0,0,741,,1
347,,Serpis,XLVI,XLVI-8,XLVI-8-6,AC-37,1,3,3,1,2,1,2,,,,,1,0,0,0,741,,1
347,,Serpis,XLVI,XLVI-8,XLVI-8-6,AC-37,1,2,3,2,1,1,2,,,,,1,0,0,0,741,,1
347,,Serpis,XLVI,XLVI-8,XLVI-8-6,AC-37,1,2,3,1,2,1,2,,,,,1,0,0,0,741,,1
347,,Serpis,XLVI,XLVI-8,XLVI-8-6,AC-37,1,2,3,2,1,1,2,,,,,1,0,0,0,741,,1
347,,Serpis,XLVI,XLVI-8,XLVI-8-6,AC-37,1,2,3,2,1,1,2,,,,,1,0,0,0,741,,1
347,,Serpis,XLVI,XLVI-8,XLVI-8-6,AC-37,1,2,3,2,1,1,0,,,,,1,0,0,0,741,,1
347,,Serpis,XLVI,XLVI-8,XLVI-8-6,AC-37,1,2,3,2,2,1,3,,14,S,,1,0,0,0,741,,1
348,,Serpis,XLVI,XLVI-8,XLVI-8-1,AC-37,1,3,3,2,2,1,0,,,,,1,0,0,0,741,,1
349,,Serpis,XLVI,XLVI-8,XLVI-8-7,,1,3,6,,2,,,,,,,1,0,0,0,741,,1
349,,Serpis,XLVI,XLVI-8,XLVI-8-7,,1,2,6,,2,,,,,,,1,0,0,0,741,,1
349,,Serpis,XLVI,XLVI-8,XLVI-8-7,,1,3,3,2,2,1,2,,,,,1,0,0,0,741,,1
349,,Serpis,XLVI,XLVI-8,XLVI-8-7,,2,,3,2,2,1,2,,,,,1,0,0,0,741,,1
349,,Serpis,XLVI,XLVI-8,XLVI-8-7,,1,2,1.2,1,2,1,,,,,,1,0,0,0,741,,1
349,,Serpis,XLVI,XLVI-8,XLVI-8-7,,1,2,3,2,2,1,0,,14,S,,1,0,0,0,741,,1
350,,Serpis,XLVI,XLVI-8,XLVI-8-12,AC-37,1,3,3,1,3,1,2,,,,,1,0,0,0,741,,1
351,,Serpis,XLVI,XLVI-8,XLVI-8-4,,1,3,6,,2,,,,,,,2,0,0,0,741,,1
351,,Serpis,XLVI,XLVI-8,XLVI-8-4,,1,2,6,,2,,,,,,,2,0,0,0,741,,1
351,,Serpis,XLVI,XLVI-8,XLVI-8-4,,1,2,6,,1,,,,,,,1,0,0,0,741,,1
356,,Serpis,XLVI,XLVI-5,XLVI-5-3,,1,3,3,2,2,1,3,,,,,1,0,0,0,741,,1
358,,Serpis,XLVI,XLVI-4,XLVI-4-1,,1,3,6,,2,,,,,,,1,0,0,0,741,,1
358,,Serpis,XLVI,XLVI-4,XLVI-4-1,,1,2,3,1,3,1,2,,,,,1,0,0,0,741,,1
358,,Serpis,XLVI,XLVI-4,XLVI-4-1,,1,2,3,1,1,2,2,,,,,1,0,0,0,741,,1
358,,Serpis,XLVI,XLVI-4,XLVI-4-1,,1,2,3,2,1,1,0,,,,,1,0,0,0,741,,1
358,,Serpis,XLVI,XLVI-4,XLVI-4-1,,1,2,3,1,1,1,2,,,,,1,0,0,0,741,,1
358,,Serpis,XLVI,XLVI-4,XLVI-4-1,,1,3,3,1,1,1,2,,,,,1,0,0,0,741,,1
358,,Serpis,XLVI,XLVI-4,XLVI-4-1,,1,2,3,1,3,1,2,,"14
2",S,,1,0,0,0,741,,1
359,,Serpis,XLVI,XLVI-7,XLVI-7-1,,2,,6,,1,,,,,,,1,0,0,0,741,,1
359,,Serpis,XLVI,XLVI-7,XLVI-7-1,,1,1,6,,1,,,,,,,1,0,0,0,741,,1
359,,Serpis,XLVI,XLVI-7,XLVI-7-1,,1,2,6,,1,,,,,,,1,0,0,0,741,,1
359,,Serpis,XLVI,XLVI-7,XLVI-7-1,,1,2,4,2,1,1,3,1,,,,1,16.7,0,3.7,741,,1
361,,Serpis,XLVI,XLVI-5,XLVI-5-1,,1,3,3,2,2,1,3,,,,,1,0,0,0,741,AC-37?,1
363,,Serpis,XLVI,XLVI-1,XLVI-1-1,,1,2,6,,2,,,,,,,1,0,0,0,741,,1
363,,Serpis,XLVI,XLVI-1,XLVI-1-1,,1,2,6,,1,,,,,,,2,0,0,0,741,,1
363,,Serpis,XLVI,XLVI-1,XLVI-1-1,,1,2,3,2,1,1,,,,,,1,0,0,0,741,,1
363,,Serpis,XLVI,XLVI-1,XLVI-1-1,,1,2,3,1,2,2,1,,14,S,,1,0,0,0,741,,1
363,,Serpis,XLVI,XLVI-1,XLVI-1-1,,1,2,3,1,2,1,2,,6,,,1,0,0,0,741,,1
364,,Serpis,XLVI,XLVI-3,XLVI-3-1,,1,2,1.2,1,3,2,,,,,,1,0,0,0,741,,1
364,,Serpis,XLVI,XLVI-3,XLVI-3-1,,1,2,1.2,2,2,1,,,,,,1,0,0,0,741,,1
364,,Serpis,XLVI,XLVI-3,XLVI-3-1,,1,2,6,,2,,,,,,,1,0,0,0,741,,1
364,,Serpis,XLVI,XLVI-3,XLVI-3-1,,1,2,6,,1,,,,,,,1,0,0,0,741,,1
364,,Serpis,XLVI,XLVI-3,XLVI-3-1,,1,2,3,2,2,3,3,,,,,1,0,0,0,741,,1
364,,Serpis,XLVI,XLVI-3,XLVI-3-1,,1,2,3,2,1,1,2,,,,,1,0,0,0,741,,1
364,,Serpis,XLVI,XLVI-3,XLVI-3-1,,1,2,3,2,1,1,2,,,,,1,0,0,0,741,,1
364,,Serpis,XLVI,XLVI-3,XLVI-3-1,,1,2,3,2,2,1,3,,14,S,,1,0,0,0,741,,1
370,,Serpis,XLVI,XLVI-8,XLVI-8-16,,1,2,6,,2,,,,,,,1,0,0,0,741,,1
370,,Serpis,XLVI,XLVI-8,XLVI-8-16,,2,,6,,1,,,,,,,1,0,0,0,741,,1
370,,Serpis,XLVI,XLVI-8,XLVI-8-16,,1,2,6,,1,,,,,,,9,0,0,0,741,,1
370,,Serpis,XLVI,XLVI-8,XLVI-8-16,,1,1,6,,1,,,,,,,4,0,0,0,741,,1
370,,Serpis,XLVI,XLVI-8,XLVI-8-16,,1,2,3,2,2,1,2,,,,,1,0,0,0,741,,1
370,,Serpis,XLVI,XLVI-8,XLVI-8-16,,1,2,3,2,2,1,0,,,,,1,0,0,0,741,,1
370,,Serpis,XLVI,XLVI-8,XLVI-8-16,,1,2,3,1,2,1,2,,,,,1,0,0,0,741,,1
370,,Serpis,XLVI,XLVI-8,XLVI-8-16,,1,2,3,1,2,1,2,,,,,1,0,0,0,741,,1
370,,Serpis,XLVI,XLVI-8,XLVI-8-16,,1,2,3,2,2,1,2,,,,,1,0,0,0,741,,1
370,,Serpis,XLVI,XLVI-8,XLVI-8-16,,1,2,3,2,1,2,0,,,,,1,0,0,0,741,,1
370,,Serpis,XLVI,XLVI-8,XLVI-8-16,,1,2,3,2,1,1,0,,,,,1,0,0,0,741,,1
370,,Serpis,XLVI,XLVI-8,XLVI-8-16,,1,2,3,2,1,1,0,,,,,1,0,0,0,741,,1
370,,Serpis,XLVI,XLVI-8,XLVI-8-16,,1,2,3,2,1,1,0,,,,,1,0,0,0,741,,1
370,,Serpis,XLVI,XLVI-8,XLVI-8-16,,1,2,3,1,1,1,2,,,,,1,0,0,0,741,,1
370,,Serpis,XLVI,XLVI-8,XLVI-8-16,,1,2,3,2,1,1,3,,,,,1,0,0,0,741,,1
370,,Serpis,XLVI,XLVI-8,XLVI-8-16,,1,2,3,2,1,2,1,,,,,1,0,0,0,741,,1
370,,Serpis,XLVI,XLVI-8,XLVI-8-16,,1,2,3,2,1,1,2,,,,,1,0,0,0,741,,1
370,,Serpis,XLVI,XLVI-8,XLVI-8-16,,1,2,3,2,1,1,0,,,,,1,0,0,0,741,,1
370,,Serpis,XLVI,XLVI-8,XLVI-8-16,,1,2,3,2,1,1,0,,,,,1,0,0,0,741,,1
370,,Serpis,XLVI,XLVI-8,XLVI-8-16,,1,2,3,1,1,1,2,,,,,1,0,0,0,741,,1
370,,Serpis,XLVI,XLVI-8,XLVI-8-16,,1,3,3,2,1,1,0,,,,,1,0,0,0,741,,1
370,,Serpis,XLVI,XLVI-8,XLVI-8-16,,1,1,3,2,1,1,3,,,,,1,0,0,0,741,,1
370,,Serpis,XLVI,XLVI-8,XLVI-8-16,,1,1,3,2,1,1,2,,,,,1,0,0,0,741,,1
370,,Serpis,XLVI,XLVI-8,XLVI-8-16,,1,2,1.3,1,2,1,,,,,,1,0,0,0,741,,1
370,,Serpis,XLVI,XLVI-8,XLVI-8-16,,1,2,3,2,2,1,2,,,,,1,0,0,0,741,de un nucleo de hojitas,1
370,,Serpis,XLVI,XLVI-8,XLVI-8-16,,1,2,4,2,2,1,0,1,,,,1,0,14.7,2.8,741,,1
370,,Serpis,XLVI,XLVI-8,XLVI-8-16,,1,2,4,2,1,1,3,2,,,,1,0,13.4,2.8,741,,1
370,,Serpis,XLVI,XLVI-8,XLVI-8-16,,2,,4,2,1,1,0,1,,,,1,0,12.9,3.6,741,,1
370,,Serpis,XLVI,XLVI-8,XLVI-8-16,,1,2,4,2,1,1,0,1,,,,1,0,0,0,741,,1
370,,Serpis,XLVI,XLVI-8,XLVI-8-16,,1,2,5,2,1,1,3,1,,,,1,0,9.4,2.7,741,,1
370,,Serpis,XLVI,XLVI-8,XLVI-8-16,,1,2,4,2,1,1,0,2,,,,1,0,12,2,741,,1
370,,Serpis,XLVI,XLVI-8,XLVI-8-16,,1,2,3,2,1,1,2,,14,S,,1,0,0,0,741,,1
370,,Serpis,XLVI,XLVI-8,XLVI-8-16,,1,2,4,2,1,1,0,1,,,,1,0,0,0,741,,1
372,,Serpis,XLVI,XLVI-8,XLVI-8-11,,1,2,3,2,1,1,2,,,,,1,0,0,0,741,,1
372,,Serpis,XLVI,XLVI-8,XLVI-8-11,,1,2,3,2,2,1,2,,,,,1,0,0,0,741,,1
372,,Serpis,XLVI,XLVI-8,XLVI-8-11,,1,2,6,,1,1,,,,,,1,0,0,0,741,,1
373,,Serpis,XLVI,XLVI-8,XLVI-8-15,,1,2,3,1,3,3,2,,,,,1,0,0,0,741,,1
373,,Serpis,XLVI,XLVI-8,XLVI-8-15,,1,2,3,1,3,1,2,,,,,1,0,0,0,741,,1
373,,Serpis,XLVI,XLVI-8,XLVI-8-15,,1,2,3,1,2,3,2,,,,,1,0,0,0,741,,1
373,,Serpis,XLVI,XLVI-8,XLVI-8-15,,1,2,3,1,2,1,3,,,,,1,0,0,0,741,,1
373,,Serpis,XLVI,XLVI-8,XLVI-8-15,,1,2,3,2,1,1,0,,,,,1,0,0,0,741,,1
373,,Serpis,XLVI,XLVI-8,XLVI-8-15,,1,3,5,2,1,1,0,1,,,,1,0,0,0,741,,1
373,,Serpis,XLVI,XLVI-8,XLVI-8-15,,1,2,5,2,1,1,0,2,,,,1,0,0,0,741,,1
374,,Serpis,XLVI,XLVI-8,XLVI-8-15,,1,2,6,,2,,,,,,,3,0,0,0,741,,1
374,,Serpis,XLVI,XLVI-8,XLVI-8-15,,1,2,6,,1,,,,,,,3,0,0,0,741,,1
374,,Serpis,XLVI,XLVI-8,XLVI-8-15,,1,2,3,2,2,1,0,,,,,1,0,0,0,741,,1
374,,Serpis,XLVI,XLVI-8,XLVI-8-15,,1,2,3,2,2,1,0,,,,,1,0,0,0,741,,1
374,,Serpis,XLVI,XLVI-8,XLVI-8-15,,1,2,3,2,2,1,0,,,,,1,0,0,0,741,,1
374,,Serpis,XLVI,XLVI-8,XLVI-8-15,,1,2,3,2,2,1,2,,,,,1,0,0,0,741,,1
374,,Serpis,XLVI,XLVI-8,XLVI-8-15,,1,2,3,2,2,1,2,,,,,1,0,0,0,741,,1
374,,Serpis,XLVI,XLVI-8,XLVI-8-15,,1,2,3,2,1,1,2,,,,,1,0,0,0,741,,1
374,,Serpis,XLVI,XLVI-8,XLVI-8-15,,1,2,3,2,1,1,0,,,,,1,0,0,0,741,,1
374,,Serpis,XLVI,XLVI-8,XLVI-8-15,,1,2,3,2,1,1,0,,,,,1,0,0,0,741,,1
374,,Serpis,XLVI,XLVI-8,XLVI-8-15,,1,2,3,2,1,1,0,,,,,1,0,0,0,741,,1
374,,Serpis,XLVI,XLVI-8,XLVI-8-15,,1,2,5,2,1,1,0,2,,,,1,0,11.7,5.1,741,,1
374,,Serpis,XLVI,XLVI-8,XLVI-8-15,,1,2,4,2,1,1,0,1,,,,1,0,12.7,3,741,,1
374,,Serpis,XLVI,XLVI-8,XLVI-8-15,,1,2,4,2,1,1,0,1,,,,1,0,14.4,2.9,741,,1
375,,Serpis,XLVI,XLVI-8,XLVI-8-10,,1,2,6,,1,,,,,,,2,0,0,0,741,,1
375,,Serpis,XLVI,XLVI-8,XLVI-8-10,,1,2,4,2,2,1,0,1,,,,1,0,17.9,4.7,741,,1
375,,Serpis,XLVI,XLVI-8,XLVI-8-10,,1,2,3,1,2,1,2,,3.1,S,,1,0,0,0,741,,1
376,,Serpis,XLVI,XLVI-8,XLVI-8-8,,1,2,6,,2,,,,,,,1,0,0,0,741,,1
376,,Serpis,XLVI,XLVI-8,XLVI-8-8,,2,,3,2,2,2,2,,,,,1,0,0,0,741,,1
376,,Serpis,XLVI,XLVI-8,XLVI-8-8,,1,2,3,2,1,1,0,,,,,1,0,0,0,741,,1
377,,Serpis,XLVI,XLVI-8,XLVI-8-18,,1,2,3,2,2,2,2,,,,,1,0,0,0,741,,1
377,,Serpis,XLVI,XLVI-8,XLVI-8-18,,1,2,3,2,2,3,1,,,,,1,0,0,0,741,,1
379,,Serpis,XLVI,XLVI-8,XLVI-8-17,,1,2,4,2,2,1,3,2,,,,1,24.4,15.7,3.2,741,,1
379,,Serpis,XLVI,XLVI-8,XLVI-8-17,,1,2,4,2,1,1,3,2,,,2,1,13.5,13.3,3.2,741,,1
379,,Serpis,XLVI,XLVI-8,XLVI-8-17,,1,2,6,,2,,,,,,,2,0,0,0,741,,1
379,,Serpis,XLVI,XLVI-8,XLVI-8-17,,1,2,6,,1,,,,,,,1,0,0,0,741,,1
380,,Serpis,XLVI,XLVI-8,XLVI-8-5,,1,3,3,2,2,1,2,,,,,1,0,0,0,741,,1
380,,Serpis,XLVI,XLVI-8,XLVI-8-5,,1,3,3,2,2,1,1,,,,,1,0,0,0,741,,1
380,,Serpis,XLVI,XLVI-8,XLVI-8-5,,1,2,3,2,2,1,2,,,,,1,0,0,0,741,,1
380,,Serpis,XLVI,XLVI-8,XLVI-8-5,,1,2,6,,1,,,,,,,1,0,0,0,741,,1
380,,Serpis,XLVI,XLVI-8,XLVI-8-5,,1,2,6,,2,,2,,,,,1,0,0,0,741,,1
380,,Serpis,XLVI,XLVI-8,XLVI-8-5,,1,2,1.3,2,2,1,,,,,,1,0,0,0,741,,1
380,,Serpis,XLVI,XLVI-8,XLVI-8-5,,1,2,3,1,2,3,,,9,"S
A",,1,0,0,0,741,,1
381,,Serpis,XLVI,XLVI-8,XLVI-8-19,,1,2,3,2,2,1,0,,14,"S
A",,1,0,0,0,741,"retoque muy irregular, posiblemente de uso",1
381,,Serpis,XLVI,XLVI-8,XLVI-8-19,,1,2,1.2,1,2,1,,,,,,1,0,0,0,741,,1
392,12/31/1988,Serpis,XIV,XIV-11,XIV-11-10,AC-75,2,,6,,1,,,,,,,2,0,0,0,741,,1
392,12/31/1988,Serpis,XIV,XIV-11,XIV-11-10,AC-75,1,3,6,,1,,,,,,,9,0,0,0,741,,1
392,12/31/1988,Serpis,XIV,XIV-11,XIV-11-10,AC-75,1,2,6,,1,,,,,,,48,0,0,0,741,,1
392,12/31/1988,Serpis,XIV,XIV-11,XIV-11-10,AC-75,1,2,6,,2,,,,,,,14,0,0,0,741,,1
392,12/31/1988,Serpis,XIV,XIV-11,XIV-11-10,AC-75,1,3,6,,2,,,,,,,10,0,0,0,741,,1
392,12/31/1988,Serpis,XIV,XIV-11,XIV-11-10,AC-75,1,2,6,,3,,,,,,,3,0,0,0,741,,1
392,12/31/1988,Serpis,XIV,XIV-11,XIV-11-10,AC-75,1,3,6,,3,,,,,,,1,0,0,0,741,,1
392,12/31/1988,Serpis,XIV,XIV-11,XIV-11-10,AC-75,1,2,1.2,2,2,1,,,,,,1,0,0,0,741,,1
392,12/31/1988,Serpis,XIV,XIV-11,XIV-11-10,AC-75,1,2,1.2,1,2,2,,,,,,1,0,0,0,741,,1
392,12/31/1988,Serpis,XIV,XIV-11,XIV-11-10,AC-75,1,2,1.2,2,2,1,,,,,,1,0,0,0,741,,1
392,12/31/1988,Serpis,XIV,XIV-11,XIV-11-10,AC-75,1,3,1.2,1,2,1,,,,,,1,0,0,0,741,,1
392,12/31/1988,Serpis,XIV,XIV-11,XIV-11-10,AC-75,1,2,?,2,2,1,,,13,P,,1,0,0,0,741,,1
392,12/31/1988,Serpis,XIV,XIV-11,XIV-11-10,AC-75,1,2,4,2,2,1,0,1,16,S,,1,0,0,0,741,,1
392,12/31/1988,Serpis,XIV,XIV-11,XIV-11-10,AC-75,1,2,3,1,2,1,1,,2,S,,1,0,0,0,741,,1
392,12/31/1988,Serpis,XIV,XIV-11,XIV-11-10,AC-75,1,2,3,2,2,2,0,,9,A,,1,0,0,0,741,,1
392,12/31/1988,Serpis,XIV,XIV-11,XIV-11-10,AC-75,1,2,3,2,1,1,0,,"8
14","A
S",,1,0,0,0,741,,1
392,12/31/1988,Serpis,XIV,XIV-11,XIV-11-10,AC-75,1,2,4,2,1,1,2,2,,,,1,21.9,0,8.2,741,,1
392,12/31/1988,Serpis,XIV,XIV-11,XIV-11-10,AC-75,1,2,4,2,1,1,0,1,15,S,,1,0,0,0,741,,1
392,12/31/1988,Serpis,XIV,XIV-11,XIV-11-10,AC-75,1,2,3,2,2,1,0,,8,A,,1,0,0,0,741,,1
392,12/31/1988,Serpis,XIV,XIV-11,XIV-11-10,AC-75,1,2,3,1,1,1,2,,,,,1,0,0,0,741,,1
392,12/31/1988,Serpis,XIV,XIV-11,XIV-11-10,AC-75,1,3,3,2,1,1,2,,,,,1,0,0,0,741,,1
392,12/31/1988,Serpis,XIV,XIV-11,XIV-11-10,AC-75,1,2,3,1,1,3,2,,,,,1,0,0,0,741,,1
392,12/31/1988,Serpis,XIV,XIV-11,XIV-11-10,AC-75,1,3,3,1,1,2,2,,,,,1,0,0,0,741,,1
392,12/31/1988,Serpis,XIV,XIV-11,XIV-11-10,AC-75,1,2,3,2,1,1,2,,,,,1,0,0,0,741,,1
392,12/31/1988,Serpis,XIV,XIV-11,XIV-11-10,AC-75,1,3,3,1,1,1,3,,,,,1,0,0,0,741,,1
392,12/31/1988,Serpis,XIV,XIV-11,XIV-11-10,AC-75,1,2,3,2,1,2,2,,,,,1,0,0,0,741,,1
392,12/31/1988,Serpis,XIV,XIV-11,XIV-11-10,AC-75,1,2,3,2,1,1,2,,,,,1,0,0,0,741,,1
392,12/31/1988,Serpis,XIV,XIV-11,XIV-11-10,AC-75,1,2,3,2,1,1,0,,,,,1,0,0,0,741,,1
392,12/31/1988,Serpis,XIV,XIV-11,XIV-11-10,AC-75,1,2,3,2,1,1,2,,,,,1,0,0,0,741,,1
392,12/31/1988,Serpis,XIV,XIV-11,XIV-11-10,AC-75,1,2,3,1,1,1,3,,,,,1,0,0,0,741,,1
392,12/31/1988,Serpis,XIV,XIV-11,XIV-11-10,AC-75,1,2,3,1,1,1,2,,,,,1,0,0,0,741,,1
392,12/31/1988,Serpis,XIV,XIV-11,XIV-11-10,AC-75,1,2,3,2,1,1,2,,,,,1,0,0,0,741,,1
392,12/31/1988,Serpis,XIV,XIV-11,XIV-11-10,AC-75,1,3,3,2,1,1,2,,,,,1,0,0,0,741,,1
392,12/31/1988,Serpis,XIV,XIV-11,XIV-11-10,AC-75,1,2,3,2,1,2,2,,,,,1,0,0,0,741,,1
392,12/31/1988,Serpis,XIV,XIV-11,XIV-11-10,AC-75,1,2,3,2,1,1,3,,,,,1,0,0,0,741,,1
392,12/31/1988,Serpis,XIV,XIV-11,XIV-11-10,AC-75,1,2,3,1,1,1,2,,,,,1,0,0,0,741,,1
392,12/31/1988,Serpis,XIV,XIV-11,XIV-11-10,AC-75,1,2,3,2,1,1,2,,,,,1,0,0,0,741,,1
392,12/31/1988,Serpis,XIV,XIV-11,XIV-11-10,AC-75,1,2,3,2,1,1,2,,,,,1,0,0,0,741,,1
392,12/31/1988,Serpis,XIV,XIV-11,XIV-11-10,AC-75,1,2,3,2,1,1,2,,,,,1,0,0,0,741,,1
392,12/31/1988,Serpis,XIV,XIV-11,XIV-11-10,AC-75,1,2,3,2,2,1,2,,,,,1,0,0,0,741,,1
392,12/31/1988,Serpis,XIV,XIV-11,XIV-11-10,AC-75,1,3,3,2,2,1,2,,,,,1,0,0,0,741,,1
392,12/31/1988,Serpis,XIV,XIV-11,XIV-11-10,AC-75,1,3,3,2,2,1,2,,,,,1,0,0,0,741,,1
392,12/31/1988,Serpis,XIV,XIV-11,XIV-11-10,AC-75,1,3,3,2,2,3,0,,,,,1,0,0,0,741,,1
392,12/31/1988,Serpis,XIV,XIV-11,XIV-11-10,AC-75,1,3,3,2,2,1,2,,,,,1,0,0,0,741,,1
392,12/31/1988,Serpis,XIV,XIV-11,XIV-11-10,AC-75,1,3,3,2,2,1,2,,,,,1,0,0,0,741,,1
392,12/31/1988,Serpis,XIV,XIV-11,XIV-11-10,AC-75,1,2,3,2,2,1,0,,,,,1,0,0,0,741,,1
392,12/31/1988,Serpis,XIV,XIV-11,XIV-11-10,AC-75,1,2,3,1,2,1,3,,,,,1,0,0,0,741,,1
392,12/31/1988,Serpis,XIV,XIV-11,XIV-11-10,AC-75,1,3,3,1,2,1,3,,,,,1,0,0,0,741,,1
392,12/31/1988,Serpis,XIV,XIV-11,XIV-11-10,AC-75,1,2,3,2,2,1,2,,,,,1,0,0,0,741,,1
392,12/31/1988,Serpis,XIV,XIV-11,XIV-11-10,AC-75,1,2,3,2,2,3,1,,,,,1,0,0,0,741,,1
392,12/31/1988,Serpis,XIV,XIV-11,XIV-11-10,AC-75,1,3,3,2,2,1,2,,,,,1,0,0,0,741,,1
392,12/31/1988,Serpis,XIV,XIV-11,XIV-11-10,AC-75,1,2,3,1,2,1,2,,,,,1,0,0,0,741,,1
392,12/31/1988,Serpis,XIV,XIV-11,XIV-11-10,AC-75,1,2,3,2,2,2,0,,,,,1,0,0,0,741,,1
393,12/31/1988,Serpis,XIV,XIV-10,XIV-10-2,,1,2,6,,2,,,,,,,2,0,0,0,741,,1
393,12/31/1988,Serpis,XIV,XIV-10,XIV-10-2,,2,,6,,1,,,,,,,1,0,0,0,741,,1
393,12/31/1988,Serpis,XIV,XIV-10,XIV-10-2,,1,2,6,,1,,,,,,,2,0,0,0,741,,1
393,12/31/1988,Serpis,XIV,XIV-10,XIV-10-2,,1,3,1.2,2,2,1,,,,,,1,0,0,0,741,,1
393,12/31/1988,Serpis,XIV,XIV-10,XIV-10-2,,1,2,3,2,1,2,2,,,,,1,0,0,0,741,,1
393,12/31/1988,Serpis,XIV,XIV-10,XIV-10-2,,1,2,5,2,1,1,3,2,,,,1,17.2,10.5,3.3,741,,1
394,12/31/1988,Serpis,XIV,XIV-8,XIV-8-1,,1,2,6,,2,,,,,,,2,0,0,0,741,,1
394,12/31/1988,Serpis,XIV,XIV-8,XIV-8-1,,1,2,6,,1,,,,,,,5,0,0,0,741,,1
394,12/31/1988,Serpis,XIV,XIV-8,XIV-8-1,,1,3,3,2,2,1,0,,,,,1,0,0,0,741,,1
394,12/31/1988,Serpis,XIV,XIV-8,XIV-8-1,,1,2,3,2,1,1,0,,,,,1,0,0,0,741,,1
394,12/31/1988,Serpis,XIV,XIV-8,XIV-8-1,,1,2,3,2,2,1,2,,,,,1,0,0,0,741,,1
394,12/31/1988,Serpis,XIV,XIV-8,XIV-8-1,,1,2,3,2,1,1,3,,,,,1,0,0,0,741,,1
394,12/31/1988,Serpis,XIV,XIV-8,XIV-8-1,,1,2,3,2,1,1,1,,,,,1,0,0,0,741,,1
394,12/31/1988,Serpis,XIV,XIV-8,XIV-8-1,,1,2,3,2,1,1,2,,,,,1,0,0,0,741,,1
394,12/31/1988,Serpis,XIV,XIV-8,XIV-8-1,,1,2,5,2,1,1,0,1,,,,1,12.2,11.1,3.1,741,,1
394,12/31/1988,Serpis,XIV,XIV-8,XIV-8-1,,1,2,5,2,1,1,0,1,,,,1,12.1,9.9,3.1,741,,1
396,,Serpis,XIV,XIV-11,XIV-11-11,,1,3,6,,2,,,,,,,1,0,0,0,741,,1
396,,Serpis,XIV,XIV-11,XIV-11-11,,1,2,6,,2,,,,,,,1,0,0,0,741,,1
396,,Serpis,XIV,XIV-11,XIV-11-11,,1,2,6,,1,,,,,,,1,0,0,0,741,,1
396,,Serpis,XIV,XIV-11,XIV-11-11,,1,3,3,2,2,1,2,,,,,1,0,0,0,741,,1
398,12/31/1988,Serpis,XIV,XIV-4,XIV-4-3,AC-79,2,,6,,3,,,,,,,1,0,0,0,741,,1
398,12/31/1988,Serpis,XIV,XIV-4,XIV-4-3,AC-79,1,3,6,,3,,,,,,,2,0,0,0,741,,1
398,12/31/1988,Serpis,XIV,XIV-4,XIV-4-3,AC-79,1,3,6,,2,,,,,,,12,0,0,0,741,,1
398,12/31/1988,Serpis,XIV,XIV-4,XIV-4-3,AC-79,1,2,6,,2,,,,,,,7,0,0,0,741,,1
398,12/31/1988,Serpis,XIV,XIV-4,XIV-4-3,AC-79,2,,6,,2,,,,,,,2,0,0,0,741,,1
398,12/31/1988,Serpis,XIV,XIV-4,XIV-4-3,AC-79,2,,6,,1,,,,,,,2,0,0,0,741,,1
398,12/31/1988,Serpis,XIV,XIV-4,XIV-4-3,AC-79,1,3,6,,1,,,,,,,1,0,0,0,741,,1
398,12/31/1988,Serpis,XIV,XIV-4,XIV-4-3,AC-79,1,2,6,,1,,,,,,,9,0,0,0,741,,1
398,12/31/1988,Serpis,XIV,XIV-4,XIV-4-3,AC-79,1,3,3,2,2,2,2,,,,,1,0,0,0,741,,1
398,12/31/1988,Serpis,XIV,XIV-4,XIV-4-3,AC-79,1,2,3,2,2,1,2,,,,,1,0,0,0,741,,1
398,12/31/1988,Serpis,XIV,XIV-4,XIV-4-3,AC-79,1,2,3,1,2,1,2,,,,,1,0,0,0,741,,1
398,12/31/1988,Serpis,XIV,XIV-4,XIV-4-3,AC-79,1,2,3,2,2,1,0,,,,,1,0,0,0,741,,1
398,12/31/1988,Serpis,XIV,XIV-4,XIV-4-3,AC-79,1,3,3,2,2,1,2,,,,,1,0,0,0,741,,1
398,12/31/1988,Serpis,XIV,XIV-4,XIV-4-3,AC-79,1,2,3,2,2,1,3,,,,,1,0,0,0,741,,1
398,12/31/1988,Serpis,XIV,XIV-4,XIV-4-3,AC-79,1,2,3,1,2,2,2,,,,,1,0,0,0,741,,1
398,12/31/1988,Serpis,XIV,XIV-4,XIV-4-3,AC-79,1,2,3,2,2,1,0,,,,,1,0,0,0,741,,1
398,12/31/1988,Serpis,XIV,XIV-4,XIV-4-3,AC-79,1,2,3,1,2,2,1,,,,,1,0,0,0,741,,1
398,12/31/1988,Serpis,XIV,XIV-4,XIV-4-3,AC-79,1,2,3,2,2,1,2,,,,,1,0,0,0,741,,1
398,12/31/1988,Serpis,XIV,XIV-4,XIV-4-3,AC-79,1,2,3,2,2,1,3,,,,,1,0,0,0,741,,1
398,12/31/1988,Serpis,XIV,XIV-4,XIV-4-3,AC-79,1,2,3,1,1,2,2,,,,,1,0,0,0,741,,1
398,12/31/1988,Serpis,XIV,XIV-4,XIV-4-3,AC-79,1,2,3,1,1,1,2,,,,,1,0,0,0,741,,1
398,12/31/1988,Serpis,XIV,XIV-4,XIV-4-3,AC-79,1,2,3,2,1,2,1,,,,,1,0,0,0,741,,1
398,12/31/1988,Serpis,XIV,XIV-4,XIV-4-3,AC-79,1,2,3,2,1,1,0,,,,,1,0,0,0,741,,1
398,12/31/1988,Serpis,XIV,XIV-4,XIV-4-3,AC-79,1,2,1.2,2,2,1,,,,,,1,0,0,0,741,,1
398,12/31/1988,Serpis,XIV,XIV-4,XIV-4-3,AC-79,1,3,1.2,2,2,1,,,,,,1,0,0,0,741,,1
398,12/31/1988,Serpis,XIV,XIV-4,XIV-4-3,AC-79,1,2,1.2,1,2,2,,,,,,1,0,0,0,741,,1
398,12/31/1988,Serpis,XIV,XIV-4,XIV-4-3,AC-79,1,2,1.2,1,2,2,,,,,,1,0,0,0,741,,1
398,12/31/1988,Serpis,XIV,XIV-4,XIV-4-3,AC-79,1,2,1.2,2,2,2,,,,,,1,0,0,0,741,,1
398,12/31/1988,Serpis,XIV,XIV-4,XIV-4-3,AC-79,1,2,5,2,2,1,2,3,,,,1,22.5,10,5.6,741,,1
399,12/31/1988,Serpis,XIV,XIV-6,XIV-6-3,AC-78,1,3,6,,2,,,,,,,1,0,0,0,741,,1
399,12/31/1988,Serpis,XIV,XIV-6,XIV-6-3,AC-78,1,2,6,,1,,,,,,,4,0,0,0,741,,1
399,12/31/1988,Serpis,XIV,XIV-6,XIV-6-3,AC-78,1,3,6,,1,,,,,,,1,0,0,0,741,,1
399,12/31/1988,Serpis,XIV,XIV-6,XIV-6-3,AC-78,1,2,1.2,1,2,1,,,,,,1,0,0,0,741,,1
399,12/31/1988,Serpis,XIV,XIV-6,XIV-6-3,AC-78,1,2,1.2,2,2,1,,,,,,1,0,0,0,741,,1
399,12/31/1988,Serpis,XIV,XIV-6,XIV-6-3,AC-78,1,2,6,,,2,,,,,,1,0,0,0,741,,1
399,12/31/1988,Serpis,XIV,XIV-6,XIV-6-3,AC-78,1,3,4,2,2,2,0,3,,,,1,23.3,17.6,5.6,741,,1
400,12/31/1988,Serpis,XIV,XIV-6,XIV-6-1,,1,2,6,,2,,,,,,,2,0,0,0,741,,1
400,12/31/1988,Serpis,XIV,XIV-6,XIV-6-1,,1,2,6,,1,,,,,,,3,0,0,0,741,,1
400,12/31/1988,Serpis,XIV,XIV-6,XIV-6-1,,1,2,3,2,2,1,0,,,,,1,0,0,0,741,,1
400,12/31/1988,Serpis,XIV,XIV-6,XIV-6-1,,1,2,3,2,1,1,2,,,,,1,0,0,0,741,,1
401,,Serpis,XIII,XIII-21,XIII-21-1,AC-30,1,2,6,,2,,,,,,,6,0,0,0,741,,1
401,,Serpis,XIII,XIII-21,XIII-21-1,AC-30,1,3,6,,1,,,,,,,2,0,0,0,741,,1
401,,Serpis,XIII,XIII-21,XIII-21-1,AC-30,1,2,6,,1,,,,,,,4,0,0,0,741,,1
401,,Serpis,XIII,XIII-21,XIII-21-1,AC-30,1,1,6,,1,,,,,,,1,0,0,0,741,,1
401,,Serpis,XIII,XIII-21,XIII-21-1,AC-30,1,2,3,2,2,1,0,,,,,1,0,0,0,741,,1
401,,Serpis,XIII,XIII-21,XIII-21-1,AC-30,1,3,3,2,2,1,2,,,,,1,0,0,0,741,,1
401,,Serpis,XIII,XIII-21,XIII-21-1,AC-30,1,2,3,1,2,1,2,,,,,1,0,0,0,741,,1
401,,Serpis,XIII,XIII-21,XIII-21-1,AC-30,1,2,3,2,1,1,2,,,,,1,0,0,0,741,,1
401,,Serpis,XIII,XIII-21,XIII-21-1,AC-30,1,3,3,2,1,2,2,,,,,1,0,0,0,741,,1
401,,Serpis,XIII,XIII-21,XIII-21-1,AC-30,1,3,3,2,1,1,2,,,,,1,0,0,0,741,,1
402,,Serpis,XIII,XIII-21,XIII-21-6,AC-71,1,3,6,,3,,,,,,,1,0,0,0,741,,1
402,,Serpis,XIII,XIII-21,XIII-21-6,AC-71,1,2,6,,2,,,,,,,5,0,0,0,741,,1
402,,Serpis,XIII,XIII-21,XIII-21-6,AC-71,1,2,6,,1,,,,,,,6,0,0,0,741,,1
402,,Serpis,XIII,XIII-21,XIII-21-6,AC-71,1,2,1.2,1,3,1,,,,,,1,0,0,0,741,,1
402,,Serpis,XIII,XIII-21,XIII-21-6,AC-71,1,2,3,1,2,2,2,,,,,1,0,0,0,741,,1
402,,Serpis,XIII,XIII-21,XIII-21-6,AC-71,1,2,3,1,2,3,2,,,,,1,0,0,0,741,,1
402,,Serpis,XIII,XIII-21,XIII-21-6,AC-71,1,2,3,2,2,1,2,,,,,1,0,0,0,741,,1
402,,Serpis,XIII,XIII-21,XIII-21-6,AC-71,1,2,3,2,2,1,2,,,,,1,0,0,0,741,,1
402,,Serpis,XIII,XIII-21,XIII-21-6,AC-71,1,2,3,1,2,1,2,,,,,1,0,0,0,741,,1
402,,Serpis,XIII,XIII-21,XIII-21-6,AC-71,1,2,3,2,2,1,2,,,,,1,0,0,0,741,,1
402,,Serpis,XIII,XIII-21,XIII-21-6,AC-71,1,2,3,1,2,2,2,,,,,1,0,0,0,741,,1
402,,Serpis,XIII,XIII-21,XIII-21-6,AC-71,1,2,3,2,1,1,2,,,,,1,0,0,0,741,,1
402,,Serpis,XIII,XIII-21,XIII-21-6,AC-71,1,2,3,2,1,1,0,,,,,1,0,0,0,741,,1
402,,Serpis,XIII,XIII-21,XIII-21-6,AC-71,1,2,3,2,1,1,2,,,,,1,0,0,0,741,,1
402,,Serpis,XIII,XIII-21,XIII-21-6,AC-71,1,2,5,2,1,1,0,1,,,,1,10.4,0,3.5,741,,1
402,,Serpis,XIII,XIII-21,XIII-21-6,AC-71,1,2,3,2,1,1,0,,14,S,,1,0,0,0,741,,1
403,,Serpis,XLVI,XLVI-8,XLVI-8-7,AC-30?,1,2,6,,2,,,,,,,1,0,0,0,741,,1
403,,Serpis,XLVI,XLVI-8,XLVI-8-7,AC-30?,1,2,6,,1,,,,,,,1,0,0,0,741,,1
403,,Serpis,XLVI,XLVI-8,XLVI-8-7,AC-30?,1,2,3,2,2,1,2,,,,,1,0,0,0,741,,1
403,,Serpis,XLVI,XLVI-8,XLVI-8-7,AC-30?,1,3,3,2,2,1,2,,,,,1,0,0,0,741,,1
403,,Serpis,XLVI,XLVI-8,XLVI-8-7,AC-30?,1,2,3,1,2,1,2,,,,,1,0,0,0,741,,1
403,,Serpis,XLVI,XLVI-8,XLVI-8-7,AC-30?,1,3,3,1,2,1,2,,,,,1,0,0,0,741,,1
403,,Serpis,XLVI,XLVI-8,XLVI-8-7,AC-30?,1,2,3,2,2,1,2,,,,,1,0,0,0,741,,1
403,,Serpis,XLVI,XLVI-8,XLVI-8-7,AC-30?,1,2,3,2,1,1,2,,,,,1,0,0,0,741,,1
403,,Serpis,XLVI,XLVI-8,XLVI-8-7,AC-30?,1,2,3,2,1,2,2,,,,,1,0,0,0,741,,1
403,,Serpis,XLVI,XLVI-8,XLVI-8-7,AC-30?,1,2,3,2,1,2,2,,,,,1,0,0,0,741,,1
403,,Serpis,XLVI,XLVI-8,XLVI-8-7,AC-30?,1,2,3,2,1,2,0,,,,,1,0,0,0,741,,1
403,,Serpis,XLVI,XLVI-8,XLVI-8-7,AC-30?,1,2,4,2,1,1,3,1,,,,1,19.4,0,4.8,741,,1
403,,Serpis,XLVI,XLVI-8,XLVI-8-7,AC-30?,1,2,4,2,1,1,0,1,,,,1,11.4,13.1,3.3,741,,1
403,,Serpis,XLVI,XLVI-8,XLVI-8-7,AC-30?,1,2,4,2,1,1,0,2,,,,1,11.6,14.4,4.7,741,,1
403,,Serpis,XLVI,XLVI-8,XLVI-8-7,AC-30?,1,2,4,2,1,1,0,2,,,,1,12.6,12.3,2.7,741,,1
403,,Serpis,XLVI,XLVI-8,XLVI-8-7,AC-30?,1,2,5,2,1,1,0,2,,,,1,0,0,0,741,,1
403,,Serpis,XLVI,XLVI-8,XLVI-8-7,AC-30?,1,2,5,1,2,1,0,1,10.4,,2,1,0,0,0,741,,1
403,,Serpis,XLVI,XLVI-8,XLVI-8-7,AC-30?,1,2,3,1,2,2,2,,3.1,s,,1,0,0,0,741,,1
407,12/31/1987,Serpis,XIII,XIII-22,XIII-22-2,AC-72,1,2,6,,2,,,,,,,2,0,0,0,741,,1
407,12/31/1987,Serpis,XIII,XIII-22,XIII-22-2,AC-72,1,1,6,,1,,,,,,,1,0,0,0,741,,1
407,12/31/1987,Serpis,XIII,XIII-22,XIII-22-2,AC-72,1,2,6,,1,,,,,,,12,0,0,0,741,,1
407,12/31/1987,Serpis,XIII,XIII-22,XIII-22-2,AC-72,1,3,6,,1,,,,,,,1,0,0,0,741,,1
407,12/31/1987,Serpis,XIII,XIII-22,XIII-22-2,AC-72,1,2,3,1,2,1,2,,,,,1,0,0,0,741,,1
407,12/31/1987,Serpis,XIII,XIII-22,XIII-22-2,AC-72,1,2,3,2,2,1,0,,,,,1,0,0,0,741,,1
407,12/31/1987,Serpis,XIII,XIII-22,XIII-22-2,AC-72,1,1,3,1,2,1,2,,,,,1,0,0,0,741,,1
407,12/31/1987,Serpis,XIII,XIII-22,XIII-22-2,AC-72,1,2,3,2,1,1,0,,,,,1,0,0,0,741,,1
407,12/31/1987,Serpis,XIII,XIII-22,XIII-22-2,AC-72,1,2,3,2,1,1,2,,,,,1,0,0,0,741,,1
407,12/31/1987,Serpis,XIII,XIII-22,XIII-22-2,AC-72,1,2,3,2,1,1,0,,,,,1,0,0,0,741,,1
407,12/31/1987,Serpis,XIII,XIII-22,XIII-22-2,AC-72,1,2,3,2,1,1,3,,,,,1,0,0,0,741,,1
407,12/31/1987,Serpis,XIII,XIII-22,XIII-22-2,AC-72,1,2,3,2,1,1,0,,,,,1,0,0,0,741,,1
407,12/31/1987,Serpis,XIII,XIII-22,XIII-22-2,AC-72,1,2,3,2,1,1,2,,,,,1,0,0,0,741,,1
407,12/31/1987,Serpis,XIII,XIII-22,XIII-22-2,AC-72,1,2,3,1,2,1,2,,14,S,,1,0,0,0,741,,1
407,12/31/1987,Serpis,XIII,XIII-22,XIII-22-2,AC-72,1,2,3,2,1,1,0,,3.1,S,,1,0,0,0,741,,1
407,12/31/1987,Serpis,XIII,XIII-22,XIII-22-2,AC-72,1,2,3,2,1,2,0,,14,"S
A",,1,0,0,0,741,,1
409,12/31/1987,Serpis,XIII,XIII-12,XIII-12-1,,2,,6,,3,,,,,,,1,0,0,0,741,,1
409,12/31/1987,Serpis,XIII,XIII-12,XIII-12-1,,2,,6,,2,,,,,,,3,0,0,0,741,,1
409,12/31/1987,Serpis,XIII,XIII-12,XIII-12-1,,1,3,6,,2,,,,,,,11,0,0,0,741,,1
409,12/31/1987,Serpis,XIII,XIII-12,XIII-12-1,,1,2,6,,2,,,,,,,5,0,0,0,741,,1
409,12/31/1987,Serpis,XIII,XIII-12,XIII-12-1,,1,2,6,,1,,,,,,,17,0,0,0,741,,1
409,12/31/1987,Serpis,XIII,XIII-12,XIII-12-1,,1,3,6,,1,,,,,,,3,0,0,0,741,,1
409,12/31/1987,Serpis,XIII,XIII-12,XIII-12-1,,1,3,6,,1,,,,,,,3,0,0,0,741,,1
409,12/31/1987,Serpis,XIII,XIII-12,XIII-12-1,,1,3,1.2,2,2,2,,,,,,1,0,0,0,741,,1
409,12/31/1987,Serpis,XIII,XIII-12,XIII-12-1,,1,2,1.2,2,2,1,,,,,,1,0,0,0,741,,1
409,12/31/1987,Serpis,XIII,XIII-12,XIII-12-1,,1,2,1.2,2,2,2,,,,,,1,0,0,0,741,,1
409,12/31/1987,Serpis,XIII,XIII-12,XIII-12-1,,1,3,1.2,2,2,1,,,,,,1,0,0,0,741,,1
409,12/31/1987,Serpis,XIII,XIII-12,XIII-12-1,,1,3,3,1,2,1,2,,,,,1,0,0,0,741,,1
409,12/31/1987,Serpis,XIII,XIII-12,XIII-12-1,,1,2,3,1,2,1,2,,,,,1,0,0,0,741,,1
409,12/31/1987,Serpis,XIII,XIII-12,XIII-12-1,,1,2,3,1,2,2,2,,,,,1,0,0,0,741,,1
409,12/31/1987,Serpis,XIII,XIII-12,XIII-12-1,,1,2,3,1,1,2,2,,,,,1,0,0,0,741,,1
409,12/31/1987,Serpis,XIII,XIII-12,XIII-12-1,,1,2,3,1,1,2,3,,,,,1,0,0,0,741,,1
409,12/31/1987,Serpis,XIII,XIII-12,XIII-12-1,,1,2,3,2,1,2,2,,,,,1,0,0,0,741,,1
409,12/31/1987,Serpis,XIII,XIII-12,XIII-12-1,,1,2,3,2,1,2,2,,,,,1,0,0,0,741,,1
409,12/31/1987,Serpis,XIII,XIII-12,XIII-12-1,,1,3,3,2,1,1,0,,,,,1,0,0,0,741,,1
409,12/31/1987,Serpis,XIII,XIII-12,XIII-12-1,,1,2,3,2,1,1,0,,,,,1,0,0,0,741,,1
409,12/31/1987,Serpis,XIII,XIII-12,XIII-12-1,,1,2,5,2,1,1,2,1,,,,1,14.2,8.9,9.6,741,,1
409,12/31/1987,Serpis,XIII,XIII-12,XIII-12-1,,1,3,4,2,1,1,3,1,,,,1,15.2,12,3,741,,1
410,,Serpis,XIII,XIII-22,XIII-22-3,AC-74,1,3,6,,2,,,,,,,2,0,0,0,741,,1
410,,Serpis,XIII,XIII-22,XIII-22-3,AC-74,1,2,6,,2,,,,,,,5,0,0,0,741,,1
410,,Serpis,XIII,XIII-22,XIII-22-3,AC-74,1,3,6,,1,,,,,,,4,0,0,0,741,,1
410,,Serpis,XIII,XIII-22,XIII-22-3,AC-74,1,2,6,,1,,,,,,,9,0,0,0,741,,1
410,,Serpis,XIII,XIII-22,XIII-22-3,AC-74,1,2,5,2,1,1,3,2,,,,1,10.7,0,3.5,741,,1
410,,Serpis,XIII,XIII-22,XIII-22-3,AC-74,1,2,3,2,1,2,2,,,,,1,0,0,0,741,,1
410,,Serpis,XIII,XIII-22,XIII-22-3,AC-74,1,2,3,2,1,1,2,,,,,1,0,0,0,741,,1
410,,Serpis,XIII,XIII-22,XIII-22-3,AC-74,1,2,3,2,1,1,2,,,,,1,0,0,0,741,,1
410,,Serpis,XIII,XIII-22,XIII-22-3,AC-74,1,2,3,2,1,1,2,,,,,1,0,0,0,741,,1
410,,Serpis,XIII,XIII-22,XIII-22-3,AC-74,1,3,3,1,1,1,2,,,,,1,0,0,0,741,,1
410,,Serpis,XIII,XIII-22,XIII-22-3,AC-74,1,2,3,2,1,1,2,,,,,1,0,0,0,741,,1
410,,Serpis,XIII,XIII-22,XIII-22-3,AC-74,1,2,3,2,2,2,0,,14,S,,1,0,0,0,741,,1
411,,Serpis,XIII,XIII-7,XIII-7-1,AC-88?,1,3,3,1,2,1,2,,,,,1,0,0,0,741,,1
411,,Serpis,XIII,XIII-7,XIII-7-1,AC-88?,1,2,1.3,2,1,1,,,,,,1,0,0,0,741,,1
411,,Serpis,XIII,XIII-7,XIII-7-1,AC-88?,1,3,1.2,1,2,1,,,,,,1,0,0,0,741,,1
412,12/31/1988,Serpis,XIII,XIII-22,XIII-22-8,AC-73,1,2,6,,2,,,,,,,11,0,0,0,741,,1
412,12/31/1988,Serpis,XIII,XIII-22,XIII-22-8,AC-73,1,2,6,,1,,,,,,,12,0,0,0,741,,1
412,12/31/1988,Serpis,XIII,XIII-22,XIII-22-8,AC-73,1,1,6,,1,,,,,,,2,0,0,0,741,,1
412,12/31/1988,Serpis,XIII,XIII-22,XIII-22-8,AC-73,1,2,1.3,1,2,2,,,,,,1,0,0,0,741,,1
412,12/31/1988,Serpis,XIII,XIII-22,XIII-22-8,AC-73,1,2,1.2,1,2,1,,,,,,1,0,0,0,741,,1
412,12/31/1988,Serpis,XIII,XIII-22,XIII-22-8,AC-73,1,2,1.2,1,3,3,,,,,,1,0,0,0,741,,1
412,12/31/1988,Serpis,XIII,XIII-22,XIII-22-8,AC-73,1,3,1.2?,1,2,1,,,,,,1,0,0,0,741,posible piedra de fusil,1
412,12/31/1988,Serpis,XIII,XIII-22,XIII-22-8,AC-73,1,2,5,2,1,1,3,1,,,,1,12.3,8.5,3.3,741,,1
412,12/31/1988,Serpis,XIII,XIII-22,XIII-22-8,AC-73,1,2,5,2,1,1,0,1,,,,1,17,8.1,2.3,741,,1
412,12/31/1988,Serpis,XIII,XIII-22,XIII-22-8,AC-73,1,2,5,2,1,1,0,2,,,,1,16.2,11.2,4.2,741,,1
412,12/31/1988,Serpis,XIII,XIII-22,XIII-22-8,AC-73,1,2,5,2,1,3,2,2,,,,1,10.8,7.9,3.9,741,,1
412,12/31/1988,Serpis,XIII,XIII-22,XIII-22-8,AC-73,1,3,3,2,2,2,0,,14,S,,1,0,0,0,741,,1
412,12/31/1988,Serpis,XIII,XIII-22,XIII-22-8,AC-73,1,2,5,2,1,1,0,1,"8
15","A
S",,1,0,0,0,741,,1
412,12/31/1988,Serpis,XIII,XIII-22,XIII-22-8,AC-73,1,2,5,2,2,1,0,3,15,S,,1,0,0,0,741,,1
412,12/31/1988,Serpis,XIII,XIII-22,XIII-22-8,AC-73,1,2,4,2,1,1,2,1,,,,1,17.6,13.8,3.4,741,,1
412,12/31/1988,Serpis,XIII,XIII-22,XIII-22-8,AC-73,1,2,3,2,1,2,0,,7?,S,,1,0,0,0,741,,1
412,12/31/1988,Serpis,XIII,XIII-22,XIII-22-8,AC-73,1,3,3,2,3,1,0,,,,,1,0,0,0,741,,1
412,12/31/1988,Serpis,XIII,XIII-22,XIII-22-8,AC-73,1,3,3,2,2,1,0,,,,,1,0,0,0,741,,1
412,12/31/1988,Serpis,XIII,XIII-22,XIII-22-8,AC-73,1,2,3,1,2,2,2,,,,,1,0,0,0,741,,1
412,12/31/1988,Serpis,XIII,XIII-22,XIII-22-8,AC-73,1,3,3,2,2,2,2,,,,,1,0,0,0,741,,1
412,12/31/1988,Serpis,XIII,XIII-22,XIII-22-8,AC-73,1,3,3,2,2,1,0,,,,,1,0,0,0,741,,1
412,12/31/1988,Serpis,XIII,XIII-22,XIII-22-8,AC-73,1,2,3,2,2,1,0,,,,,1,0,0,0,741,,1
412,12/31/1988,Serpis,XIII,XIII-22,XIII-22-8,AC-73,1,3,3,2,2,1,2,,,,,1,0,0,0,741,,1
412,12/31/1988,Serpis,XIII,XIII-22,XIII-22-8,AC-73,1,3,3,2,2,1,2,,,,,1,0,0,0,741,,1
412,12/31/1988,Serpis,XIII,XIII-22,XIII-22-8,AC-73,1,2,3,1,2,1,2,,,,,1,0,0,0,741,,1
412,12/31/1988,Serpis,XIII,XIII-22,XIII-22-8,AC-73,1,2,3,2,2,1,2,,,,,1,0,0,0,741,,1
412,12/31/1988,Serpis,XIII,XIII-22,XIII-22-8,AC-73,1,3,3,2,1,1,2,,,,,1,0,0,0,741,,1
412,12/31/1988,Serpis,XIII,XIII-22,XIII-22-8,AC-73,1,2,3,2,1,1,3,,,,,1,0,0,0,741,,1
412,12/31/1988,Serpis,XIII,XIII-22,XIII-22-8,AC-73,1,2,3,2,1,1,2,,,,,1,0,0,0,741,,1
412,12/31/1988,Serpis,XIII,XIII-22,XIII-22-8,AC-73,1,2,3,2,1,1,2,,,,,1,0,0,0,741,,1
412,12/31/1988,Serpis,XIII,XIII-22,XIII-22-8,AC-73,1,2,3,2,1,1,2,,,,,1,0,0,0,741,,1
412,12/31/1988,Serpis,XIII,XIII-22,XIII-22-8,AC-73,1,2,3,2,1,1,2,,,,,1,0,0,0,741,,1
412,12/31/1988,Serpis,XIII,XIII-22,XIII-22-8,AC-73,1,2,3,2,1,1,2,,,,,1,0,0,0,741,,1
412,12/31/1988,Serpis,XIII,XIII-22,XIII-22-8,AC-73,1,2,3,2,1,1,2,,,,,1,0,0,0,741,,1
412,12/31/1988,Serpis,XIII,XIII-22,XIII-22-8,AC-73,1,2,3,1,2,1,2,,,,,1,0,0,0,741,,1
412,12/31/1988,Serpis,XIII,XIII-22,XIII-22-8,AC-73,1,2,3,2,1,1,2,,,,,1,0,0,0,741,,1
412,12/31/1988,Serpis,XIII,XIII-22,XIII-22-8,AC-73,1,2,3,2,1,2,0,,,,,1,0,0,0,741,,1
412,12/31/1988,Serpis,XIII,XIII-22,XIII-22-8,AC-73,1,2,3,1,1,1,2,,,,,1,0,0,0,741,,1
412,12/31/1988,Serpis,XIII,XIII-22,XIII-22-8,AC-73,1,3,3,1,1,1,2,,,,,1,0,0,0,741,,1
412,12/31/1988,Serpis,XIII,XIII-22,XIII-22-8,AC-73,1,2,3,2,1,1,0,,,,,1,0,0,0,741,,1
412,12/31/1988,Serpis,XIII,XIII-22,XIII-22-8,AC-73,1,3,3,2,1,1,2,,,,,1,0,0,0,741,,1
412,12/31/1988,Serpis,XIII,XIII-22,XIII-22-8,AC-73,1,2,3,2,1,1,2,,,,,1,0,0,0,741,,1
412,12/31/1988,Serpis,XIII,XIII-22,XIII-22-8,AC-73,1,3,3,1,1,1,2,,,,,1,0,0,0,741,,1
412,12/31/1988,Serpis,XIII,XIII-22,XIII-22-8,AC-73,1,3,3,1,1,1,2,,,,,1,0,0,0,741,,1
412,12/31/1988,Serpis,XIII,XIII-22,XIII-22-8,AC-73,1,2,3,2,1,1,2,,,,,1,0,0,0,741,,1
412,12/31/1988,Serpis,XIII,XIII-22,XIII-22-8,AC-73,1,2,3,1,1,1,2,,,,,1,0,0,0,741,,1
414,,Serpis,XI,XI-9,XI-9-3,AC-67,1,2,6,,2,,,,,,,1,0,0,0,741,,1
414,,Serpis,XI,XI-9,XI-9-3,AC-67,1,3,6,,1,,,,,,,1,0,0,0,741,,1
414,,Serpis,XI,XI-9,XI-9-3,AC-67,1,2,6,,1,,,,,,,1,0,0,0,741,,1
416,,Serpis,XI,XI-9,XI-9-5,AC-68,1,2,6,,2,,,,,,,3,0,0,0,741,,1
416,,Serpis,XI,XI-9,XI-9-5,AC-68,1,2,6,,1,,,,,,,7,0,0,0,741,,1
416,,Serpis,XI,XI-9,XI-9-5,AC-68,1,3,6,,1,,,,,,,2,0,0,0,741,,1
416,,Serpis,XI,XI-9,XI-9-5,AC-68,1,2,3,1,2,1,2,,,,,1,0,0,0,741,,1
416,,Serpis,XI,XI-9,XI-9-5,AC-68,1,3,3,1,2,2,1,,,,,1,0,0,0,741,,1
416,,Serpis,XI,XI-9,XI-9-5,AC-68,1,2,3,2,1,1,2,,,,,1,0,0,0,741,,1
416,,Serpis,XI,XI-9,XI-9-5,AC-68,1,2,5,2,1,1,2,3,,,,1,18,10.7,4.2,741,,1
416,,Serpis,XI,XI-9,XI-9-5,AC-68,1,2,5,2,1,1,2,2,,,,1,14.5,7.1,2.9,741,,1
416,,Serpis,XI,XI-9,XI-9-5,AC-68,1,2,4,2,1,1,0,2,15,S,,1,14.3,0,4.2,741,,1
418,12/31/1988,Serpis,XI,XI-3,XI-3-10,AC-69,1,2,6,,2,,,,,,,4,0,0,0,741,,1
418,12/31/1988,Serpis,XI,XI-3,XI-3-10,AC-69,1,3,6,,2,,,,,,,5,0,0,0,741,,1
418,12/31/1988,Serpis,XI,XI-3,XI-3-10,AC-69,1,3,6,,1,,,,,,,3,0,0,0,741,,1
418,12/31/1988,Serpis,XI,XI-3,XI-3-10,AC-69,1,2,6,,1,,,,,,,16,0,0,0,741,,1
418,12/31/1988,Serpis,XI,XI-3,XI-3-10,AC-69,1,2,1.2,2,2,2,,,,,,1,0,0,0,741,,1
418,12/31/1988,Serpis,XI,XI-3,XI-3-10,AC-69,1,2,3,1,2,2,2,,14,S,,1,0,0,0,741,,1
418,12/31/1988,Serpis,XI,XI-3,XI-3-10,AC-69,1,2,4,2,2,1,0,1,8,"A
S",,1,0,0,0,741,,1
418,12/31/1988,Serpis,XI,XI-3,XI-3-10,AC-69,1,2,?,2,1,1,0,,13,P,,1,0,0,0,741,,1
418,12/31/1988,Serpis,XI,XI-3,XI-3-10,AC-69,1,2,3,2,2,1,0,,"2
14",S,,1,0,0,0,741,,1
418,12/31/1988,Serpis,XI,XI-3,XI-3-10,AC-69,1,2,3,2,1,2,2,,,,,1,0,0,0,741,,1
418,12/31/1988,Serpis,XI,XI-3,XI-3-10,AC-69,1,2,3,2,1,2,1,,,,,1,0,0,0,741,,1
418,12/31/1988,Serpis,XI,XI-3,XI-3-10,AC-69,1,3,3,2,1,1,0,,,,,1,0,0,0,741,,1
418,12/31/1988,Serpis,XI,XI-3,XI-3-10,AC-69,1,2,3,2,2,3,2,,,,,1,0,0,0,741,,1
418,12/31/1988,Serpis,XI,XI-3,XI-3-10,AC-69,1,2,3,1,2,1,2,,,,,1,0,0,0,741,,1
418,12/31/1988,Serpis,XI,XI-3,XI-3-10,AC-69,1,2,3,2,2,3,2,,,,,1,0,0,0,741,,1
418,12/31/1988,Serpis,XI,XI-3,XI-3-10,AC-69,1,2,3,1,2,1,2,,,,,1,0,0,0,741,,1
418,12/31/1988,Serpis,XI,XI-3,XI-3-10,AC-69,1,3,3,2,2,2,2,,,,,1,0,0,0,741,,1
418,12/31/1988,Serpis,XI,XI-3,XI-3-10,AC-69,1,2,3,1,2,1,2,,,,,1,0,0,0,741,,1
